seller_id,seller_zip_code_prefix,seller_city,seller_state
96f7c797de9ca20efbe14545bed63eec,14140,cravinhos,SP
77530e9772f57a62c906e1c21538ab82,80310,curitiba,PR
297d5eccd19fa9a83b2630071ff105e4,80710,curitiba,PR
191d55f7edb8524d525ed01b20fe32e8,73020,brasilia,DF
ff69aa92bb6b1bf9b8b7a51c2ed9cf8b,8140,sao paulo,SP
5733d806668f8712c24b9abaefbfa642,89803,chapeco,SP
65b081a070633e057c462abdd6fb9dd8,75650,morrinhos,GO
edf96ef93ed595084bbcbd9224bd2894,1545,sao paulo,SP
6a8b085f816a1f75f92dbac6eb545f8f,14709,bebedouro,SP
f3295428338a40977a03f555246a70f4,29032,vitoria,ES
75fbb52eda0cbc24f479d3b2fbfa8d3e,74560,goiania,GO
e5d4b2b0c3bca22085f7a19a28de0c42,89201,joinville,SC
6187a137b2af59dfdbad8d9f8c373c14,6268,osasco,SP
062ce95fa2ad4dfaedfc79260130565f,95913,lajeado,RS
c200c73f9d7e5a08ca439d6a0803da7c,83507,almirante tamandare,PR
2ee0a0689f2f6a72f35a7cb6033f6e7e,19025,presidente prudente,SP
a08692680c77d30a0b4280da5df01c5a,4719,sao paulo,SP
dd533b429f380718b70ad9922c294bae,14781,barretos,SP
582d4f8675b945722eda7c0cb61ba4c7,11250,bertioga,SP
74636e24f01da9268b0ed88dacd8513e,2941,sao paulo,SP
09bad886111255c5b5030314fc7f1a4a,1022,sao paulo,SP
94144541854e298c2d976cb893b81343,94451,viamao,RS
bf84056e679dbe9c69929847a40e338f,2537,sao paulo,SP
21c62b998a043ebe31161d38f84929fc,60110,fortaleza,CE
02d35243ea2e497335cd0f076b45675d,59077,natal,RN
1c129092bf23f28a5930387c980c0dfc,2972,sao paulo,SP
a1040efe9ff4a6f93c28b0499eada8f5,13210,jundiai,SP
2d9e8987a2ea5cf88dce330249043ff1,15155,jaci,SP
fdf736c18c589ed030e058312203e1b2,37704,pocos de caldas,MG
e433f5fd4050e3352b5d83522b7fe24b,86702,arapongas,PR
b01c2b7b8599b325103ebcddc67413e1,95800,venancio aires,RS
bb5d956dece964a06c12bceb66b923ae,20930,rio de janeiro,RJ
3afc536624bc2e65bddfb5db33cc01f3,30150,belo horizonte,MG
8090490573c6c0aa343a7231ebcb8c86,4130,sao paulo - sp,SP
26d6bbee02420494d471c9f6436929c0,81530,curitiba,PR
602044f2c16190c2c6e45eb35c2e21cb,14940,ibitinga,SP
b347677812ea483b0f528eaf8cbc09b7,82540,curitiba,PR
d94ba08b99bedd6a5f6c875ecc4a6fac,86800,apucarana,PR
880ce4951cf857ab1d9e0b75c1d856f4,31255,belo horizont,MG
b499c00f28f4b7069ff6550af8c1348a,13481,limeira,SP
7a2d2949aea47fab95fd98d6c9f618b1,81350,curitiba,PR
fad44952713764836814be105382aee5,21340,rio de janeiro,RJ
f1ed6bd0a9b11b581f16c851c6a5a527,90240,porto alegre,RS
624f4ece8da4aafb77699233d480f8ef,5138,sao paulo,SP
95e03ca3d4146e4011985981aeb959b9,21210,rio de janeiro,RJ
1771297ac436903d1dd6b0e9279aa505,7025,guarulhos,SP
1d503743d2526f03f0c2c89540ee008c,1035,sao paulo,SP
fc5a0d7a310a7a41abf86a458585ff2b,3655,sao paulo,SP
e1bed63d68ac36fe1f3061befe196af5,13848,mogi guacu,SP
73da1880b39c71de2b262bc7720c1494,13560,sao carlos,SP
df560393f3a51e74553ab94004ba5c87,87900,loanda,PR
253f95b3a0e6983ae18aed49fbc2b845,4141,sao paulo,SP
834f3294fba9f932f56edc879193f925,14808,araraquara,SP
6c177e38df6d3f34182b1f1d427231bf,80430,curitiba,PR
08d0949a9a17c027262db1f3c450c26c,85804,cascavel,PR
11fb6f6d341adbe19e81733701704635,4133,sao paulo,SP
04843805947f0fc584fc1969b6e50fe7,93900,ivoti,RS
e3b4998c7a498169dc7bce44e6bb6277,3635,sao paulo,SP
a37c340b91cb0169e8b029db6440fba2,4424,sao paulo,SP
e628d4a53c109f09ca88098338b3a3f5,30170,belo horizonte,MG
381c83fdca332ea6afd896da20bf6e4a,80010,curitiba,PR
6fd52c528dcb38be2eea044946b811f8,8180,sao paulo,SP
189ca3538ce9f920cacf0f982cbe223b,3589,sao paulo,SP
20cb7c2fde3e5bf10f0bbe7394e1c6a9,86385,andira-pr,PR
7e79d65b5c6f1f544b7daea036acf720,9572,sao caetano do sul,SP
fd435faa3c0422b60440ea3480d0e77c,58073,joao pessoa,PB
6bef34c5be6f2bbd70aa5165f6df94b1,89120,timbo,SC
ae9690c6e8fee182c28c9ff8e11ca52c,4361,sao paulo,SP
f7720c4fa8e3aba4546301ab80ea1f1b,81350,curitiba,PR
5bba18b40e8c973b0f32e748004775b0,15840,itajobi,SP
7b7f91e98f8c6def45a1407923304402,6154,osasco,SP
4c2b230173bb36f9b240f2b8ac11786e,3933,sao paulo,SP
a23266650e7c84bb93fbbba502137478,90220,porto alegre,RS
d2df77822373f19934e87694d8640767,86706,arapongas,PR
8fbd63429be6d3e5e6d1a709b6464802,9130,santo andre,SP
ac6417315ae5da8f9a38ee11de6f7780,7400,aruja,SP
81336a0f57a33776419727a300249e90,13560,sao carlos,SP
02f623a8eb246f3c5f7c2f96462654e6,18611,botucatu,SP
56db5c0782e8f7ddc9343f9576ff6d16,88132,palhoca,SC
29fe9f200d3fa0c668d2aa1ec7e08dfb,88330,balneario camboriu,SC
271b8923c6a549e02d3c9fd1f8c0422b,11704,praia grande,SP
4e06067cc08b3f41d837768d392c3ee3,32604,betim,MG
ec933281fb017b5020d06df29c3f77e8,3820,sao paulo,SP
49e7217cfe4e427191c378ec626d8737,35570,formiga,MG
34f563c82a85b99ae9e6d60db5fc2e28,93700,campo bom,RS
4ddeb3e828550cddc8d45c8bc36ab2d1,1131,sao paulo,SP
90d4125885ab6c86e8820a722be71974,6780,taboao da serra,SP
3a734b715d333a2588a3d54a0c9b8746,6132,osasco,SP
f5b84683a9bf9e1df748cf40f601b39c,1127,sao paulo,SP
392e0502231ae2f8b29994ef6398cd77,18760,cerqueira cesar,SP
5d0363b33554b373851fc1622e4d5f3c,12952,atibaia,SP
6e85dc5ecd97a61094b89b046a509d8e,15845,marapoama,SP
417a1e6c7321084d2a0ae0d023cfad93,95885,imigrante,RS
013900e863eace745d3ec7614cab5b1a,80740,curitiba,PR
c157bdeedcbc9a8e3c8bf0d87ff24428,18120,mairinque,SP
fa3a0b5aabb344b9a92e3524b0202123,83020,sao jose dos pinhais,SP
88cf19ec1fc2c58f161aee259d57142c,13570,sao carlos,SP
c13ef0cfbe42f190780f621ce81f2234,1207,sao paulo sp,SP
fc908879b9ca1bd65419e54e50432d38,4558,sao paulo,SP
c679fb69a36e1d8349e8c50a217b4d58,95020,caxias do sul,RS
17a053fcb14bd219540cbde0df490be0,13843,mogi guacu,SP
2d34636518ba88f5349b732fcf8ba2e4,1039,sao paulo,SP
d79e8478eed9999493990b44955fb22e,20081,rio de janeiro / rio de janeiro,RJ
458d868c9642f55f18f04e951a3fdde6,90670,porto alegre,RS
41b14765bd56c8ad10971074380f9c0c,9070,santo andre,SP
e439f7176d763f92de325271111b2fd5,89219,joinville,SC
7f2617c58d5d06806987308b45654351,4571,sao paulo,SP
cac63f48c38cd7d002a7e846dcd99a23,13170,sumare,SP
04ee0ec01589969663ba5967c0e0bdc0,95910,lajeado,RS
f00e21b1e91a79653163b7fd8f293ff1,37795,andradas,SP
9140ef75cc8211c4035935e80e567204,87015,maringa,PR
79a679c36c08d606b3fd47ead9de109b,2611,sao paulo,SP
cc5a78bbad32776dc4e3af205218368c,35501,divinopolis,MG
6eeed17989b0ae47c9f11ece6f38ea90,4123,sao paulo,SP
b5f0712d22a873b6797ab6cc65c3fcba,2316,sao paulo,SP
3f9c56764fabca627406093dcb3ef0b4,22745,rio de janeiro,RJ
efb628aa07c8ca93d7db0d85b91a4f5a,26230,nova iguacu,RJ
4e922959ae960d389249c378d1c939f5,12327,jacarei,SP
47648caee88ccfe951fbb27fbf7b4cbe,9931,diadema,SP
ca4b77513ac2040591b0d8fae6958380,9190,sando andre,SP
7957cac1a02f45d0a4a7e45626382ec2,80320,curitiba,PR
4cc4fd4fdd406a85bbdc1f824b731bd7,85906,toledo,PR
b8630e1121437d41cb08e3c749c2c2e2,25070,duque de caxias,RJ
cfe94489ddd337d1e29e12f2a7205d10,3178,sao paulo,SP
9cf787a239c1aa29dbd76f153dc13f9a,14403,franca,SP
2a50b7ee5aebecc6fd0ff9784a4747d6,72580,brasilia,DF
d297f1055de2956aedfd3b04113dce3e,13382,nova odessa,SP
2c3d56f92f360fb89d849b84e8f50eae,6420,barueri,SP
3442033154be05bac582e173ef54fd12,5413,sao paulo,SP
78744a20ee2f80ba64f6804c25def2b8,50751,recife,PE
c990d6cf976a5718aaedc539f383ab88,13145,paulinia,SP
94e93ce877be27a515118dbfd2c2be41,15502,votuporanga,SP
b566ab0ef88016e00422755e305103c6,37640,extrema,MG
d9cb0052a666de5308b32f32ad5f1b1c,15400,olimpia,SP
a89e143d5211473ae18db9577ee34b64,13486,limeira,SP
1f2eebc0e970fd3c463e4f5d9652687a,1311,sao paulo,SP
941554c5757b73ba0e50aa7732310afc,4142,sao paulo,SP
8581055ce74af1daba164fdbd55a40de,7112,guarulhos,SP
a9ae440659f48b7849df83e82734150b,9015,santo andre,SP
c963a25b8671419c6ce9eebe8fd03218,23943,angra dos reis rj,RJ
9485a23c0430ba1d58d359391606fce6,9015,santo andre,SP
0951a6e282947e09cd47969f4ed0b47f,6763,taboao da serra,SP
52f0fe436a347ddad7ed5f9aa4e27eaa,1129,sao paulo,SP
9c7fd21e0aa159b20da593371f08ff7c,6180,osasco,SP
c33847515fa6305ce6feb1e818569f13,88359,brusque,SC
8b8cfc8305aa441e4239358c9f6f2485,86020,londrina,PR
2c00c85d30361cd2ced2969cffbbffa3,31160,belo horizonte,MG
d4e4b5192cba4e0e66eb12a9d347239d,85904,toledo,PR
ade45994b717ccee333492330fbf037b,87505,umuarama,PR
bb5bd94c8f59cc050072d2930c869cac,5008,sao paulo,SP
b05b432bf68945d4d9783f9e3ca29ee8,16200,birigui,SP
2a7dc43cecabf23403078e2188437d1d,4142,sao paulo,SP
578fa3a9cb6b6dceab39231ad59cdaca,60025,fortaleza,CE
615c3462099ffa940d37b17dfda19594,24855,rio de janeiro,RJ
a3f0b55de503387383c7b1de3ad7f678,82400,curitiba,PR
6d7f8d9d594e28796b6b3205b00f459c,80050,curitiba,PR
7b7ed56ae755e2880f2b69632e839c1e,74230,goiania,GO
4fae87d32467e18eb46e4a76a0a0b9ce,99670,ronda alta,RS
ea566164622c6b439516ab18062c42cd,5303,sao  paulo,SP
821fb029fc6e495ca4f08a35d51e53a5,2030,sao paulo,SP
d6ab728cf30867cf3f1a2e216ae2f9b7,3185,sao paulo,SP
1a932caad4f9d804097d7f8e615baed1,2976,sao paulo,SP
173d56ffbd4c56cb80fc3615487d712b,11370,sao vicente,SP
2be17df1c49978426251562096c3cc09,88704,tubarao,SC
f7c31656c19db6275a8acadca289f426,14940,ibitinga,SP
6025c79c035c3d772133b8b8238463b2,83327,pinhais/pr,PR
c6381d2d013342748761e906d45aff76,93180,portao,RS
c500367424994318b9e779ff1ae9a330,13145,paulinia,SP
19e0f40a907ec568c34bfac15de4f4a1,13478,americana,SP
ecccfa2bb93b34a3bf033cc5d1dcdc69,81810,curitiba,PR
c66dccfb3f109511246da627dd5a2498,11900,registro,SP
d921b68bf747894be13a97ae52b0f386,35570,formiga,MG
929f342384a6607afe143d789ade1316,86065,londrina,PR
e256a62e0ac58c0edfba09966142d561,81320,curitiba,PR
b5b800c4065bebf4d3442311c9857344,3561,sao paulo,SP
c8417879a15366a17c30af34c798c332,4445,sao paulo,SP
8dfbc5ff27df12f6cef751d3b9554222,80220,curitiba,PR
e732329483fd5f27367dd997b47f598a,89030,blumenau,SC
989becdce12ebc39863c2bceab6f3ca1,81730,curitiba,PR
9f56a7a649097b166d8ed286ad86a15c,21041,rio de janeiro,RJ
c4d51195486dc781531876a7d00453d8,19023,presidente prudente,SP
98115075dd26cb8835946fc6086f5d30,9687,ao bernardo do campo,SP
2305ab43e846518f58dd9d59f3f54e96,8452,sao paulo,SP
2528513dd95219a6013d4d05176e391a,6060,osasco,SP
64c9a1db4e73e19aaafd3286dc448c96,82510,curitiba,PR
44ed138eca6214d572ce1d813fb0049b,92010,canoas,RS
ce4755084bc097113867e6454f8f5e52,14090,ribeirao preto,SP
3e51f9cbe317bc3a88f2c76583811ee4,8032,sao paulo,SP
204b4e07bddef3c9b317f70189135b22,37564,borda da mata,MG
921323538c9f1c4e816f2720eac02bea,1319,sao paulo,SP
1464afc72f696af775557a821c2e253f,28630,nova friburgo,RJ
77a515caa36327151d1cc6c32a9f00e1,9912,diadema,SP
32fdd5d44ecb43dfd6a24b9369eca144,35557,carmo do cajuru,MG
4b0fdb526525f9890eb145bf1534640e,14940,ibitinga,SP
1cd9e0cc1839d55516843def5600816d,3951,sao paulo,SP
7fc87cc3e89b3d1d5cabdca32f8485aa,7123,guarulhos,SP
0c7f30ae9b147eca07affbef92832a6a,84020,ponta grossa,PR
e09887ca8c7bf8a4621ce481820414ef,8431,sao paulo,SP
318f287a62ab7ac10b703ac37435a231,4773,sao paulo,SP
52bb00821bcdd358a5a5a27e1f6be5a1,6268,osasco,SP
acb6c2ca5c82411c1fdb88d5fd5eb95e,3423,sao paulo,SP
26e2e5033827d2ba53929f43e03d8ffe,2611,sao paulo,SP
55dedd83e501d8248880557d9073cbfd,22061,rio de janeiro,RJ
5b179e9e8cc7ab6fd113a46ca584da81,5424,sao paulo,SP
ffdd9f82b9a447f6f8d4b91554cc7dd3,80030,curitiba,PR
4eeb99008a0f59d2c7759c59f9a346eb,6807,embu das artes,SP
f3511c85f59f8dec53d140501ee8e7a8,80045,curitiba,PR
60da8bfa7eebe230b7d66ac4082d79b3,15940,fernando prestes,SP
2c538755f1ca9540af144f266e70df6c,39801,castro pires,MG
cb41bfbcbda0aea354a834ab222f9a59,3520,sao paulo,SP
2379bdc3888025689a9deb7b141507d5,13806,mogi mirim,SP
5ee7fd217d08dfe5d3e2f51f96a12c9a,13880,vargem grande do sul,SP
a414555ce331b8c8aea4a9cb8395194d,3638,sao paulo,SP
92992bec39dde5766f590d3b1f46d465,4310,sao paulo,SP
834f8533b2ecb6598dd004ff3de7203a,5181,sao paulo,SP
b5f49fe968dff6b112861e6cd8e192ef,80710,curitiba,PR
b26741d31a563d769b4af0465ab20c56,88061,florianopolis,SC
f7315bb81aea4ddca2d39e249a801c98,7082,guarulhos,SP
8e2b3afb420011ef0c88c9d5f11ea526,13060,campinas,SP
8fff28c4263ddec387f28d237fb42773,5594,sao paulo,SP
0ddefe3c7a032b91f4e25b9c3a08fca1,9721,sao bernardo do campo,SP
730937bf88cb151eb2eb849f642fc213,13500,rio claro,SP
cc3d14116804f7209f3884f6367f1152,82940,curitiba,PR
5dc203c7b84a0e71e878a179de05fb9a,17580,pompeia,SP
440dd6ab244315c632130ecfb63827b1,15502,votuporanga,SP
66fd84ee7528c0c0de85d0f44a73d5ab,98975,campina das missoes,RS
fec6912baad85d41729669edd6b4d3b8,14110,ribeirao preto,SP
666658b8da8370f30e1f89893b1de5e6,3658,sao paulo,SP
f3c38ab652836d21de61fb8314b69182,1206,sao paulo,SP
90b57083da5d803237da74daec6dcb2b,80730,curitiba,PR
45d33f715e24d15a6ccf5c17b3a23e3c,18015,sorocaba,SP
1bb3812d5f0747a3ab7348f199001a10,4708,sao paulo,SP
c33a5c3c983090c8b78a28e65052a20d,88802,criciuma,SC
003554e2dce176b5555353e4f3555ac8,74565,goiania,GO
16090f2ca825584b5a147ab24aa30c86,12940,atibaia,SP
5659d77e8d90378e39b960ad5956f64e,12062,taubate,SP
b561927807645834b59ef0d16ba55a24,2955,sao paulo,SP
28d162ab86bb49d719c32f0ee6186eaa,14079,ribeirao preto,SP
e06f09ec0a4aca210779cf1cfc63cf19,4773,sao paulo,SP
8c9348f33ae3dada25c99c99ade2af78,6340,carapicuiba,SP
da6a60cc8cc724fe51be021ff8be779c,28941,sao pedro da aldeia,RJ
461ff5303b6c9c1a4a07f40c5aece516,83323,pinhais,PR
e82de6494d91d3c4c54450f59b227a94,14940,ibitinga,SP
213b25e6f54661939f11710a6fddb871,13321,salto,SP
78c99c6dff4eeae5be99bf635ed21e3f,17510,marilia,SP
a36ac007a4d18f865c8d32c3b2402c2d,6455,barueri,SP
a2e85714b56b1cb6bb24a9a6e6cad36f,14530,miguelopolis,SP
6b333a05bf188ef3e1f1662a86bd9855,72304,brasilia,DF
56642bcb79900e777d68e91915cb4267,3701,sao paulo,SP
41b86b552e54e3a7009596125aa8b167,2470,sao paulo,SP
1d0997ff06b524ce9289ffd75114ecd3,52020,recife,PE
73b8eb4a9a729d4019b24ed1be748cbf,13070,campinas,SP
a69aa24cec11168e7e39a3fbc727e925,6330,carapicuiba,SP
8ea394aed8138685abe1eb9f25e1021d,18053,sorocaba,SP
8a130737016f838139d31878787a39c9,3187,sao paulo,SP
f682e0f848abafc6f41e0d4e868c66ef,7600,mairipora,SP
11742f81550ac064cc9a40f67151d9ad,15810,catanduva,SP
8a40ae794fa3f9892cee24bd5af0488b,82620,curitiba,PR
0936e1837d0c79253456bbb2ffaaef10,2050,sao paulo,SP
850f4f8af5ea87287ac68de36e29107f,4367,sao paulo,SP
4dc2e811a1760953cb7c6a590b498943,17230,itapui,SP
343e716476e3748b069f980efbaa294e,13033,campinas,SP
e9729944ba65dc3ce425e0c5a22ae7b2,25730,petropolis,RJ
e0eabded302882513ced4ea3eb0c7059,13023,campinas,SP
643214e62b870443ccbe55ab29a4dccf,2134,sao paulo,SP
0aa124728afc1131dff5655f4c6f487b,37135,alfenas,MG
ce27a3cc3c8cc1ea79d11e561e9bebb6,3006,sao paulo,SP
da4d149c0ddbac90557103ac0a0ec356,9861,sbc,SP
0241d4d5d36f10f80c644447315af0bd,80330,curitiba,PR
272f092de69afedd4d2969440b37f18f,3265,sao paulo,SP
d1aa1ec0839dcab73a6161130eb1f94a,80220,curitiba,PR
8e8a7ce9f2f970dc00e2acf6f6e199f6,24710,sao goncalo,RJ
d7827b2af99326a03b0ed9c7a24db0d3,86076,londrina,SP
3935fe5fe0f82787a9dcb8deb62be09d,4905,sao paulo,SP
119d1aef1b4144adba89163f6cd9f5d4,13920,pedreira,SP
9a1aea68d3efa00862ec88c0768037d0,15806,catanduva,SP
a9b533a26e898b12e8b8d4c07279bf4d,21545,rio de janeiro,RJ
5b51032eddd242adc84c38acab88f23d,37564,borda da mata,MG
8cc6a0e5738e61a87b03c78b2ba9db4b,37795,andradas,MG
c53bcd3be457a342a97e39e5a9f0be22,49980,neopolis,SE
f4db9b37944bcb8873e6b456ee190bbf,8599,itaquaquecetuba,SP
729b2d09b2a0bdab221076327f13d050,17320,mineiros do tiete,SP
18e694e0e48ed6f7aa3f24aade5fd697,13224,varzea paulista,SP
30a81d8cf85fb2ada1b1b094c9583a95,3563,sao paulo,SP
6561d6bf844e464b4019442692b40e02,7859,franco da rocha,SP
e64d65bc8dbec2accda90c58de5d1246,13500,rio claro,SP
3903c788ded8dc03b5ebab37a2f3e9a1,6332,carapicuiba,SP
63191ead8d3b2f937cd1996fdcbbad20,13212,jundiai,SP
67bf6941ba2f1fa1d02c375766bc3e53,82400,curitiba,PR
897060da8b9a21f655304d50fd935913,14092,ribeirao preto,SP
76c47a299e4a8fe992316a85865acbe9,14075,ribeirao preto,SP
d1b9d4be4b6f9ebd85f8acd6745ba612,34006,nova lima,MG
3ea08c48e851106d2f584349daba335f,36201,barbacena,MG
389e45560e33d2d0747f949dcddbc08e,12238,sao jose dos campos,SP
b81e3a6c866a764974fe849821abeebd,9360,maua,SP
40536e7ca18e1bce252828e5876466cc,7747,caieiras,SP
b494891378bd8f4560abe576c52deacd,4160,sao paulo,SP
09f952a5f58d2285b0372551ae8f9b01,9725,sao bernardo do campo,SP
14d7985702e72162bbf13b6beb74ab2b,9131,santo andre,SP
2c4c47cb51acd5ea5db5e0ae0e26542a,15290,buritama,SP
b416191c9813d821a295cfabafff4161,14407,franca,SP
9616352088dcf83a7c06637f4ebf1c80,87504,umuarama,PR
557f22c76691849db52d2abccf0015d0,75650,morrinhos,GO
968ee78631915a63fef426d6733d7422,99700,erechim,RS
533d46c1b06970e99f09523a61df4972,18200,itapetininga,SP
1dd33b8119b3cb1056ed5dc88cd0aaf4,4710,sao paulo,SP
ac137bac82ffa8548e62bd9d01d2a14f,3631,sao paulo,SP
2dcf93836ae3ce0d7c93e2f10876467a,12240,sao jose dos campos,SP
51702dc2a3e106c76dbff722b5bf0726,13835,conchal,SP
97512d3fc193b2d1dfcdba0f9d1f0f8a,8270,sao paulo,SP
f3975e8a41157005d4bcbb358678cd9b,89870,pinhalzinho,SC
76d336555bb25f3165d2f0d6da719c40,18015,sorocaba,SP
f08a5b9dd6767129688d001acafc21e5,90230,porto alegre,RS
ae45df84722b1d15c5f32b23a095746c,3062,sao paulo,SP
d197aa8fbc64087f61984deef05f6227,12224,sao jose dos campos,SP
afa6714acee029b2dfdf357e5579cc03,13690,descalvado,SP
520b493b57809f446cb0a233bb3e25c7,11075,santos,SP
9b1ab052f5fca308ba743ac789ebb2e1,85200,pitanga,PR
bab0a8cd684e41ba6e2637dca0979d3b,22793,rio de janeiro,RJ
b83cedfb587e7911540e3f576d6917ce,4870,sao paulo,SP
0ef83d7d83ed97cd2a0049ac8be5f88a,80230,curitiba,PR
d13e50eaa47b4cbe9eb81465865d8cfc,9210,santo andre,SP
37303482a42fb700d8d127e70a9cd6c8,13070,campinas,SP
b2bdc5e7940a7d7ca8c4a37953b27a42,13880,vargem grande do sul,SP
5c6d4016c2a288f074fa0848a2b653d2,1209,sao paulo,SP
88cd3681e0a2ba85e190f7d817629c4c,88354,brusque,SC
da8622b14eb17ae2831f4ac5b9dab84a,13405,piracicaba,SP
fe26f3ecb51a15e6d8335cd92da42562,4365,sao paulo,SP
5151aea44289d6c6b090ee31c2132508,17515,marilia,SP
9c351405b754cc5ce3e2ecf277bb034a,3134,sao paulo,SP
13511db12ac61e2f89c53b72a944a60b,95020,caxias do sul,RS
4b90495391ac0bd181a80a459df1e718,96400,bage,RS
b37c4c02bda3161a7546a4e6d222d5b2,3667,sao paulo,SP
5f1dc28029d2c244352a68107ec2b542,5126,sao paulo,SP
710e3548e02bc1d2831dfc4f1b5b14d4,86600,rolandia,PR
485452467ff670447e84a8370c3fc898,89190,taio,SC
4d8809767a5bafe22909c77951fb6b41,6803,embu das artes,SP
3ab971ce71839580d2ae5b4e40fe8044,3210,sao paulo,SP
9d4db00d65d7760644ac0c14edb5fd86,18025,sorocaba,SP
1dcfa3835714681d4ba4a93bc1e0fd41,16200,birigui,SP
6da1992f915d77be95d7fa48b36904af,1026,sao paulo,SP
d4f117125b59ce73c3302f88ee40c458,4058,sao paulo,SP
1de62b6f2fd96227629786db492433db,16021,sp,SP
30a2f535bb48308f991d0b9ad4a8c4bb,13457,santa barbara d'oeste,SP
a36b125ac6d5fdbc7f50de85c9157bdc,14020,ribeirao preto,SP
1336efc61c316ddf92c899eb817f7cae,19800,assis,SP
620c87c171fb2a6dd6e8bb4dec959fc6,25645,petropolis,RJ
ab91571efab27993ff2f6b36e38055c3,4319,sao paulo,SP
63a79f5a7eb5cb48a7e5787b141c7993,38701,patos de minas,MG
070d165398b553f3b4b851c216b8a358,3916,sao paulo,SP
b64d51f0435e884e8de603b1655155ae,7077,garulhos,SP
9fc70243fb26800cba56e8f014797004,30270,belo horizonte,MG
1cbcd2ee0afb3fc09963b87eb65e7e4f,82640,curitiba,PR
344223b2a90784f64136a8a5da012e7f,89117,gaspar,SC
4c8b8048e33af2bf94f2eb547746a916,14940,ibitinga,SP
7a704e63bb29c446869efde5d57524c8,85601,francisco beltrao,PR
88460e8ebdecbfecb5f9601833981930,87030,maringa,PR
7d76b645482be4a332374e8223836592,1511,sao paulo,SP
296729ffb9b684050dd24836dac4494a,80240,curitiba,SP
5f06030071324cc52bf0304014ac7234,17514,marilia,SP
c542f5a8c64d973f30e9df8d06f70b4a,2013,sao paulo,SP
d36b07fd3c5088e477a72d1fccfe29d4,18200,itapetininga,SP
46ef1a25845fc051c2998d878354810c,35530,claudio,MG
a61cc04793308395a840807104365121,13240,jarinu,SP
cac4c8e7b1ca6252d8f20b2fc1a2e4af,13347,indaiatuba,SP
cc63f0dd2acba93ffed4fe9f8e0321fa,15025,sao jose do rio preto,SP
b29d3380981c51df13fc6fbe87e1763d,14057,ribeirao preto,SP
a53f60f05f822b5c621a50ff6a5cb362,38402,uberlandia,MG
dbec9a0a7efeff029d4d9dce7dc4cc95,31920,belo horizonte,MG
8de8fe3af4449ed695d2434c933ed73e,1215,sao paulo,SP
aa762680c40618316a896838866140ea,82510,curitiba,PR
577719699805dd125d5b6fdde5943bba,95150,nova petropolis,RS
13dd308f81fea30cc670c656b2b46cc3,13454,santa barbara d'oeste,SP
01fd077212124329bac32490e8ef80d9,14079,ribeirao preto / sao paulo,SP
7a188843479798ca813108fa7b959286,4276,sao paulo,SP
cb32766839f443db85c82a43c4a6c19e,13506,rio claro,SP
7aa538dd6e114e503a2e6154ea352253,15807,catanduva,SP
e0a3c37054ade6478d923a6efc10f308,88340,camboriu,SC
0d4c8269e7f0401201794deef160edd6,14076,ribeirao preto,SP
3d68c634a99a1ba46dbca3967a69c623,88270,nova trento,SC
8fbe2ee446b97e128471be4ce983dc0d,18103,sorocaba,SP
e0b162a693bc7f9eab00f783a31d60ea,96020,pelotas,RS
1f867308a0ce13133a4e639ff4de0c02,82510,curitiba,PR
06a2c3af7b3aee5d69171b0e14f0ee87,65072,sao luis,MA
2e90cb1677d35cfe24eef47d441b7c87,2285,sao paulo,SP
9315e491484b1b0081ca166fc164108d,86039,londrina,PR
adbc26658d6c7b4b6219f9d934598091,81770,curitiba,PR
0ffa40d54288e4f3499b8780dd0f144f,19013,presidente prudente,SP
d05ae8f7a5bd1d2a690a44cd079e4e27,22775,rio de janeiro,RJ
508808d438fe2ff972ed13bb8f4a82e2,3963,sao paulo,SP
28fb0829fd777877cdc350d25cb5bd5b,15051,sao jose do rio pret,SP
c794dab4928dd97beb41d05514441e86,13160,artur nogueira,SP
1976a05ecf2996d6ffb7b5430e635fe7,19806,assis,SP
c70a353f02429c00775a46a75fb787da,8275,sao paulo,SP
39d61be7a92eb77b7da367bd4845bc0e,13420,sao paulo,SP
c510bc1718f0f2961eaa42a23330681a,13330,indaiatuba,SP
8cf21434553b02cbd37c0bbd07e041b0,88102,sao jose,SC
edd066cd02126d7800f9b66e980e9931,70070,brasilia,DF
cf281cf8b7affbdfe751b29cc85580e1,61760,eusebio,CE
392353362d22cc2c236e1ee81ff19890,89069,blumenau,SC
1f7fd2a6fcd5a6fa5d8a4dabc72aaae0,95800,venancio aires,RS
c878515173c84a492ebe50d6b493230b,85880,itaipulandia,PR
77714512e8d4dda9c234da8e3faf16e4,7056,guarulhos,SP
0eaa7e33d73809f1f925f7d07c506cbd,9111,santo andre,SP
bcf5566870987da7bc811fbc8c5b9fd9,3378,sao paulo,SP
3d01d1c414c44b5943a09619ff3853cb,13040,campinas,SP
2e1c9f22be269ef4643f826c9e650a52,4850,sao paulo,SP
00fc707aaaad2d31347cf883cd2dfe10,87025,maringa,PR
52f6f9f13ba19504c02781132a049e75,80540,curitiba,PR
83c8aafbefb034674a70de0eac5b8954,85601,francisco beltrao,PR
58e4b302b54937e55a678c4d15111da4,83402,colombo,PR
d1c281d3ae149232351cd8c8cc885f0d,14940,ibitinga,SP
33c51922b6e3c16b24a8f28e5833c99d,86010,londrina,PR
f80edd2c5aaa505cc4b0a3b219abf4b8,3431,sao paulo,SP
0761743cbffb25d7148189e9f1a5f03a,14096,ribeirao preto,SP
0b46f784306be7200ca1700aa55d819f,31210,belo horizonte,MG
7a9c12e235c36247c3c81f50d6ea9cea,9541,sao caetano do sul,SP
8629c241b3622ac12cd4118afdc8d394,14090,ribeirao preto,SP
3ade81dab5a172b88e1871c28ae05260,15076,sao jose do rio preto,SP
562fc2f2c2863ab7e79a9e4388a58a14,13070,campinas,SP
7dc8c42cc750eeafea6c85712ffee9bf,5424,sao paulo,SP
247587846358bb1d2e4c6522020b36fe,15093,sao jose do rio preto,SP
a35ef466c6fd6d052f5d241240d3c5e2,93347,novo hamburgo,RS
651530bf5c607240ccdd89a30c9c9712,44600,ipira,BA
f1c1ac3f3efc07e659c035008e615e66,2119,sao paulo,SP
df0f42bc4c2142eacf0eaf2cffd0cfbb,88306,itajai,SC
40db9e9aa57f7bb151bcda6b0f9bdbb7,52010,recife,PE
68ca56ce86830f3d31b1b7ec6a54da3e,83280,guaratuba,PR
960945e1a9535cbc0cd6ddd35fbe7ae8,8290,sao paulo,SP
c00396cbdd2e088fe4281baa5920aef1,83535,campo magro,PR
8d92f3ea807b89465643c219455e7369,3052,sao paulo,SP
c52c644cc0dc85121207a27013efc6af,36325,tiradentes,MG
7e26c750b4cb9f6766f58265ff9ebe95,30270,belo horizonte,MG
5a8e7d5003a1f221f9e1d6e411de7c23,13076,campinas,SP
6d1b9c9579132c87d2703ec38c30f2c5,82515,curitiba,PR
20f0aeea30bc3b8c4420be8ced4226c0,13456,santa barbara d'oeste,SP
575df70bde3f9f2b30bf8d2e9910d725,15075,sao jose do rio preto,SP
5d3bb11474a06bdc23fb9e89f1164ee0,19804,assis,SP
c35affa65afd250151285c5917fc1c8a,8050,sao paluo,SP
e59e489e2ea74bd409b798b5daf49de3,87060,maringa,PR
7d948535954aaf8c5d39db007f74372e,11442,guaruja,SP
c7b7db6c8f3c64a7cc1afa634db21d50,4367,sao paulo,SP
1352e06ae67b410cdae0b2a22361167b,26051,rio de janeiro,RJ
3bb548e3cb7f70f28e3f11ee9dce0e59,87040,maringa,PR
ee2fbacc2fc3794e656cc4d933d59ce7,5061,sao paulo,SP
522620dcb18a6b31cd7bdf73665113a9,85801,cascavel,PR
d32e3909cfb714fb2a6cb092c85b9c5f,13215,jundiai,SP
e5c84227854980f1db19a58958c551d9,83823,fazenda rio grande,PR
ce7d1888639e6fb06b2749cbfdac1ff7,37443,baependi,MG
693660429f9dc4ff704eb3d88dad54d7,9170,santo andre,SP
2cb4700db635baa1c0d4f90ed27b6669,81070,curitiba,PR
a4b6b9b992b46e9ef863637af96e04bc,88090,florianopolis,SC
ff1e15b778c700abdd4d239b81ac466d,81260,curitiba,PR
820c7c9eaf76d2b226b6c242bcf3f34d,4756,sao paulo,SP
85d9eb9ddc5d00ca9336a2219c97bb13,31255,belo horizonte,MG
a673821011d0cec28146ea42f5ab767f,3809,sao paulo,SP
ebe3dabc4955c9b0d695e7bda38bf5c3,14085,ribeirao preto,SP
ca7c6bd577e559472af1c699de9e764e,9812,sao bernardo do campo,SP
c8b3445d737de6befde0c88ede534a5e,5734,sao paulo,SP
eb5b6204dde3a6e03b5f1bb8479f055b,6900,embu guacu,SP
4a5b36211b1f51bf7eaa5c10a57fa483,24445,sao goncalo,RJ
2e1a7d075abe038c1b2743005fe42ff1,3461,sao paulo,SP
973f21788dfab357250f69a8dcb7ddee,35530,claudio,MG
ba89796db68db180bd389de96b2ff3b6,5763,sao paulo,SP
b9ec22de23f18567de0e09d776ca0309,72318,brasilia,DF
79ee721b6f766066a80264402548d359,17011,bauru,SP
11bfa66332777660bd0640ee84d47006,14085,ribeirao preto,SP
7d484ca289afaac6bf5fc6a1e96d2226,79104,campo grande,MS
5160d23075764e18e07c1f4a87fad743,9720,sao bernardo do campo,SP
3a1a1fec38dd360f15fc912e821e169d,2451,sao paulo,SP
141440cad9341e553f8401c574a2aa38,85200,pitanga,PR
05aebce0b5c8f0d41b29b686f2d05fd3,3962,sao paulo,SP
dd39ad39b5d3df33037e141c72497ba6,4282,sao paulo,SP
695051e2981c8b19e77cafe450d5bdf3,6276,osasco,SP
dd55f1bb788714a40e7954c3be6df745,1021,sao paulo,SP
ae7ab174effdead6c241e547e4ca13f0,86703,arapongas,PR
9d7a1d34a5052409006425275ba1c2b4,14403,franca,SP
8c351ed7c326c62123318f4f3246e906,11701,praia grande,SP
dc4a0fc896dc34b0d5bfec8438291c80,14940,ibitinga,SP
3a4127e1ba7208ea37044c5092aae170,8226,sao paulo,SP
7c4402417d51474d4d0cda9557340e40,9530,sao caetano do sul,SP
b9ca8e8baa5d4aa038394a700f63e69f,3001,sao paulo,SP
3968920b9aa752ab98f7d5888c9252f2,17056,bauru,SP
9b522ba7eae9e1d04082f267144583cc,4843,sao paulo,SP
539ed9e19811677513447759be5eccfc,31520,belo horizonte,MG
e26901d5ab434ce92fd9b5c256820a4e,9350,maua,SP
9d5604a1f112324ad6b2aa552122e0fb,88075,florianopolis,SP
a6fe7de3d16f6149ffe280349a8535a0,14401,franca,SP
aac29b1b99776be73c3049939652091d,38408,uberlandia,MG
54a1852d1b8f10312c55e906355666ee,13456,santa barbara d'oeste,SP
88ae906ea2acf6971f26c3e8b7cb4357,1550,sao paulo,SP
bba8d0c234a52b87b3957037a215d1a4,74343,goiania,GO
c826c40d7b19f62a09e2d7c5e7295ee2,7133,guarulhos,SP
a425f92c199eb576938df686728acd20,81050,curitiba,PR
3c3017960b2dbd72711a61f0400aab8f,89251,jaragua do sul,SC
ab9db4cf53b08b828b64dccaafc2d9f0,96530,paraiso do sul,RS
113e3a788b935f48aad63e1c41dac1bd,12570,aparecida,SP
94c49f20a123aeb9360dbf80ff912bf6,18015,sorocaba,SP
1ca4bdb0cd7fc48e949bac066188ed26,36773,cataguases,MG
d12c926d74ceff0a90a21184466ce161,2634,sao paulo,SP
71dc18fd8cbf5fd77f45dd8b427abb34,82520,curitiba,PR
b43d8b707f887a30f4675391098354a0,44600,ipira,SP
f235413f677777a0738ff215d0184901,17250,bariri,SP
985c92cc412091f8529c12d7f23d3fef,36300,sao joao del rei,MG
038b75b729c8a9a04b0d07cba7eabe86,12231,sao jose dos campos,SP
a4b8d97cd5d3674eeff96abc99d8ed67,13177,sumare,SP
ffad1e7127fb622cb64a900751590acd,13465,americana,SP
594f9aaa48e5bf431f011ddc5669b0d5,32185,contagem,MG
eba88037e1dca898cd02881f67ced679,3647,sao paulo,SP
01ed254b9ff8407dfb9d99ba1e17d923,8710,mogi das cruzes,SP
f7ccf836d21b2fb1de37564105216cc1,14940,ibitinga,SP
7e3f87d16fb353f408d467e74fbd8014,4809,sao paulo,SP
9140bd1d9de28b197dce077bdd687438,13900,amparo,SP
a2b911e9ad40dc7d61c142a4683e2d85,27353,barra mansa,RJ
a56e351445e5863fc8960640ba9190c7,88306,itajai,SC
bb135baca94c82fcb731335ad5b04a03,4362,sao paulo,SP
a353b1083c9863d756d9404695016d64,29150,cariacica,ES
b56828a9f9027f3c918c04ca720d9e3c,11707,praia grande,SP
6e0908ef4d4efadbc3cc2b74ea477cb0,20910,rio de janeiro,RJ
5d9f3746e112e696f98ea22c56b3e912,3171,sao paulo,SP
c8143b3069f6746a77421b5ce30a450c,75345,abadia de goias,GO
f5f46307a4d15880ca14fab4ad9dfc9b,89165,rio do sul,SC
58c851d1a3c7cd3da329eb59453fed44,13504,rio claro,SP
4830e40640734fc1c52cd21127c341d4,3573,sao paulo,SP
dbb9b48c841a0e39e21f98e1a6b2ec3e,3929,sao paulo,SP
8fb67a334bacec338885b4e9e1708073,85905,toledo,PR
c6a7539d424a8402232c2228d7a03c5e,3191,sao paulo,SP
72c5da29406b4234927b81855e7b64f6,7077,guarulhos,SP
e83c76265fc54bf41eac728805e4da77,16074,aracatuba,SP
a72f15980dc3e9bfd1a49ac9b2f3af65,17512,marilia,SP
ad738d3fcf42655ed15c4960b7b6c601,93425,novo hamburgo,RS
0ed6ce5d87fd9c69eaacaeb778d67235,13473,americana,SP
00d8b143d12632bad99c0ad66ad52825,30170,belo horizonte,MG
fedf2c1386e137f296b3bbf3b635e69d,3410,sao paulo,SP
8bdd8e3fd58bafa48af76b2c5fd71974,1552,sao paulo,SP
4391ea5c5990502176a1dcda44a2373d,91910,porto alegre,RS
38e6dada03429a47197d5d584d793b41,4763,sao paulo,SP
6973a06f484aacf400ece213dbf3d946,12230,sao jose dos campos,SP
e83e93b71371817b11d78a63ff156aee,6409,barueri,SP
9bade61a92bed55a25d2b67b9f4ed739,83005,sao jose dos pinhais,PR
6c6cc59a5c00cacc5054ca06d65cc282,97110,santa maria,RS
c6381b1321d7d97717a5bb4ed5b77882,4276,sao paulo,SP
d29ba1220fb8634fa3a107e54497b8a4,13560,sao carlos,SP
226b05fe067266c59c15dae208213d06,81520,curitiba,PR
578460d8319c51dab351cd9db95eadfe,74550,goiania,GO
328acb143b4a73aad6bee8e734f5d20d,85865,foz do iguacu,PR
788f22bafdd7ab0e1e79f19db72f16a4,4137,sao paulo,SP
86ff3eaef0267069cc891a2ed9d10a17,88135,palhoca,SC
5f7300535881cef3b625fd683cf7d145,92020,canoas,RS
0cbcee27c791afa0cdcb08587a2013a8,37410,tres coracoes,MG
20611af7866c6068fd5ae1f9dbe15c92,13660,porto ferreira,SP
1fa2d3def6adfa70e58c276bb64fe5bb,4106,sao paulo,SP
3d2531eccfbde1d7c8db7a3a12fb267a,31340,contagem,MG
fcdd820084f17e9982427971e4e9d47f,14075,ribeirao preto,SP
d8dd176509baa37f359644d082bf7f7b,9570,sao caetano do sul,SP
cb5ff1b9715e99589f3e0c7a6afab9e3,87060,maringa,PR
9b1f656ca3060f8af17a50d8a024b533,11013,santos,SP
43a5d4a57af536fddc96d08be3afdfcb,37006,varginha,MG
b1a81260566c1bac3114a6d124413f27,99500,carazinho,RS
080199a181c46c657dc5aa235411be3b,6097,osasco,SP
cca3071e3e9bb7d12640c9fbe2301306,14940,ibitinga,SP
788e857f317e53de488d393e65a80f45,8280,sao paulo,SP
d51e0a403fe2e689ece6c73359d96e12,17580,pompeia,SP
b080809eaacb49e5ca07290981472431,30431,belo horizonte,MG
7f7b8245c336066a1f9933c359f11d77,13800,mogi mirim,SP
8648b1e89e9b349e32d3741b30ec737e,12308,jacarei,SP
d50d79cb34e38265a8649c383dcffd48,8290,sao paulo,SP
f214d28e8d8e3ef068748498ccc2f813,3872,sao paulo,SP
717b78b0950b51ed00b1471d858b0edc,18220,alambari,SP
aa2640d851ec322526f1295bbeb20092,1156,sao paulo,SP
ebd2d60905fb58271facef5596b620d3,18683,lencois paulista,SP
efcd8d2104f1a05d028af7bad20d974b,16012,aracatuba,SP
6562efe88ce0826a4ca4f189f03b4b84,87005,maringa,PR
400f221ab83037c0ea78f1267da9624d,17700,osvaldo cruz,SP
530ec6109d11eaaf87999465c6afee01,85807,cascavel,PR
a5259c149128e82c9d6d46e0c1c812bb,76900,ji parana,RO
f543ba3c973276f519d89d59bd46cead,15030,sao jose do rio preto,SP
89f69225956f951295ca4c7fb1266553,27700,vassouras,RJ
8b11118053756a9a2932f447e11fc1b5,17350,igaracu do tiete,SP
6bb62a4912377c7bfe7cb17b406bc7e6,13215,jundiai,SP
f9d010e39375d9c91dce3f40b73a2f84,12600,lorena,SP
052577151711aec5c744fe12e66db3e1,89136,rodeio,SC
0adac9fbd9a2b63cccaac4f8756c1ca8,13290,louveira,SP
269cff2d3c8d205c11f37a52402ea93b,15803,catanduva,SP
402916f742e5c740cc751493d9cf5053,39740,guanhaes,MG
443d880f15cbd3572885e1d44bf2c478,17506,marilia,SP
6d22a1fcebb6dd08c9cd90b92a93e8d0,89215,joinville,SC
04aba03279157f6d4e0fe8ccaf21963c,28470,santo antonio de padua,RJ
b39d7fe263ef469605dbb32608aee0af,14940,ibitinga,SP
ca77545ca4d2dfd1431bf61334e2fa3c,87020,maringa,PR
36890be00bbfc1cdb9a4a38a6af05a69,6040,osasco,SP
7b0df942f46435babab05d49b744b2c4,12924,braganca paulista,SP
f26d70155c2b6326fcfa1780c8c684e4,89150,presidente getulio,SC
42fb44130ac3134cde8e35cf8ec7df25,12995,pinhalzinho,SP
dd9661d3cda1e6feb237f0c4d8b26f2e,89620,campos novos,SC
f27e33c6d29b5138fa9967bcd445b6d5,4273,sao paulo,SP
55d3daac7c404d59e51c2aa2f4dc5a23,2150,sao paulo,SP
659e8466eb3ff1b0e8740d74fb7bbedd,45820,eunapolis,BA
1c40343cc5d18c2d8248ac2f3366de34,13482,limeira,SP
e3a386fc36e22064434e1fa256f6a9fa,13165,engenheiro coelho,SP
c9aafcd0621b2207c10e32c649cada4d,8011,sao paulo,SP
72431a818f97fe6ab9c81eee3e297e54,13390,rio das pedras,SP
184a67a8f9f63234d3a92340bbdb727f,89220,joinville,SC
9fe7c6641c79970ab48185498f547c09,3147,sao paulo,SP
08ad4ac1388e4420ca531c3edfc46198,6663,itapevi,SP
6fc26fe110feebd80a433e1f012a84f9,15601,fernandopolis,SP
2f4b9d112bfa44a214bc6cef085d17c8,29600,afonso claudio,ES
ab27bbbad5239bc31a34709275a70db4,18279,tatui,SP
c37b2059d4f90d4feead554e5246565e,5170,sao paulo,SP
f43827dd686be3a4a80e00aa299990fb,15055,sao jose do rio preto,SP
e601b04acf48b4576e73ddca9481f0dc,4476,sao paulo,SP
98dac6635aee4995d501a3972e047414,2030,sao paulo,SP
3d39fbf22a665714baf62fae36029e23,13040,campinas,SP
a49928bcdf77c55c6d6e05e09a9b4ca5,3017,sao paulo,SP
b12cfd255810394b60caef18ae163547,85810,cascavel,PR
a1bea7061f61f6fdd9a85a6325ba1033,6311,carapicuiba / sao paulo,SP
3c88ed2e76a2247933a15daa7161eb1c,13154,cosmopolis,SP
51ed72984a04e5dd35c2b27e77179038,15050,sao jose do rio preto,SP
3ac588cd562971392504a9e17130c40b,13480,limeira,SP
606ce7768feac12c5e8bd58db8b08f0f,13084,campinas,SP
6879c4d287a8dd06b11f54ea8f78e4da,6186,osasco,SP
ccbd753e6863fe7314dc6c0ca5a074e7,89046,blumenau,SC
0d85bbda9889ce1f7e63778d24f346eb,38414,uberlandia,MG
4c61e37f664c3c88aff092aa5ac779d7,24020,niteroi,RJ
b44dbfbf62e52125f3c15d230569ea91,4251,sao paulo,SP
d624126b9206f595fb3fbb6ba03b28a8,80045,curitiba,PR
26d8a1c7c75d513045798992ead43aa2,86800,apucarana,PR
e6a69c4a27dfdd98ffe5aa757ad744bc,4424,sao paulo,SP
6bd69102ab48df500790a8cecfc285c2,4293,sao paulo,SP
f181738b150df1f37cb0bd72e705b193,6317,carapicuiba,SP
4305fe92735c8a43d154ff6dd2b8d927,35170,coronel fabriciano,MG
4f1f1c8666cdb6442f775c4e8caed465,30240,belo horizonte,MG
7dea6f73af847b42cc3985bd620f994d,85813,cascavel,PR
a0a14e50070f3225b3eabba5b85da517,81900,curitiba,PR
bd4889b5e9133b35b66e42a8665cea5c,2963,sao paulo,SP
0b3f27369a4d8df98f7eb91077e438ac,7412,aruja,SP
d5c530f4884a75ae0dba9c148718d278,35660,centro,MG
5ab05b6d86d417796c69ffd6774ec832,19815,assis,SP
d4d99b60c4c94cd35acd502cec65dc8d,4904,sao paulo,SP
9de4643a8dbde634fe55621059d92273,89225,joinville,SC
3be634553519fb6536a03e1358e9fdc7,8275,sao paulo,SP
b906dd0e57f282c7089171b6ed07982e,87083,parana,PR
ed46f1eb4a638113deb2a1137b5f22e9,89080,indaial,SC
c8025364abeecb115431bf95c11a747f,90630,porto alegre,RS
04308b1ee57b6625f47df1d56f00eedf,88215,bombinhas,SC
457fe919b032a3f7dadba6fb92cf7855,13140,paulinia,SP
f3055483058c84d75ca2a3314fb4deef,40368,salvador,BA
0ac4201fda2c68ebc0e47cb9423cf3c9,3345,sao paulo,SP
a2b5b6105ea5942300631d2e76f4ffe0,6283,osasco,SP
23d7c96d4a1160db1c726b248601b25a,13360,capivari,SP
e883aa812c37a7413226856f4579fe91,6696,itapevi,SP
86bb7c4b535e49a541baf3266b1c95b1,14401,franca,SP
cb810bd318f51b3dc3c753944d61a1fa,24240,niteroi,RJ
c0563dd588b775f2e37747ef6ad6c92c,9220,santo andre,SP
820cc752a266cdc6c1a1e61dd4583330,87050,maringa,PR
e5475dcab1e07b63d7f6e902d8f5eda8,9921,diadema,SP
333c4210e76a1aa2ab817b99437e3ff1,13880,vargem grande do sul,SP
aded58c8142dedc5494a81f948431fab,22051,rio de janeiro,RJ
33a6f4b1e7cdc205511e76ba1b6e0186,7084,guarulhos,SP
91f848e9f4be368f4318775aac733370,3029,sao paulo,SP
7a67c85e85bb2ce8582c35f2203ad736,3426,sao paulo,SP
55029529919c0123526150bd26ca8f20,32280,contagem,MG
b372ee768ed69e46ca8cdbd267aa7a38,15013,sao jose do rio preto,SP
d20b021d3efdf267a402c402a48ea64b,14940,ibitinga,SP
cf6f6bc4df3999b9c6440f124fb2f687,4937,sao paulo,SP
a3b42d266fa8afc874b909422ce88582,14620,orlandia,SP
d63c73efd41eb002280e7ec831424edb,13405,piracicaba,SP
dc7192adf8ba09569261f4a8d576afe0,18401,itapeva,SP
0ea22c1cfbdc755f86b9b54b39c16043,35700,sete lagoas,MG
be8e909810184b9b19e886129149d8e5,13418,piracicaba,SP
269c5fc9fcadee614364c3620c30a1f9,7140,guarulhos,SP
bbaff50f3b708fda865918715276cd87,12940,atibaia,SP
3b18f9856c6eb2413eafedb58e9eecd9,9280,santo andre,SP
db2956745b3a8e9f3785c99f34b5d25e,11600,sao sebastiao,SP
8fb791022c1fc8909664f48ab7dc636d,3976,sao paulo,SP
232a6014e7b10cba61c6c2b2ea6bb4b0,16500,cafelandia,SP
6614814a00d344b846ae209f95ee7e3f,17290,macatuba,SP
59cd88080b93f3c18508673122d26169,11707,praia grande,SP
fffd5413c0700ac820c7069d66d98c89,13908,amparo,SP
712e6ed8aa4aa1fa65dab41fed5737e4,89560,videira,SC
b5abf4f36adc043117b4fca82c22984c,72251,brasilia,DF
6dd7dce75cd55c1ce255dc38d9f0cd46,88137,palhoca,SC
bbe87dce25ba8b38bb61cc7210a3f10b,13870,sao joao da boa vista,SP
99a25c39b28a74d1151c35c18d178292,2236,sao paulo,SP
05730013efda596306417c3b09302475,88813,criciuma,SC
0b35c634521043bf4b47e21547b99ab5,84530,teixeira soares,PR
c35672b10ad50968f567ea3f4b91e877,26551,mesquita,RJ
f5403d3f50089112c4eed37928b7f622,15600,fernandopolis,SP
f435898e493ba0356019a0b1cb8b55b1,81720,curitiba,PR
7adbd3210a7b3cc2235e225eef33574d,2544,sao paulo,SP
d8cf3b6a2151949f930d0252b180ec42,87160,mandaguacu,PR
4ce8b55b4bfa4659184e7becc1fba3f2,83823,fazenda rio grande,PR
5d043cd5512d4bd2f88e5ccdd5736c38,2710,sao paulo,SP
7a073a40a9d3f1fee8bc45670ea1e909,86040,londrina,PR
edb1ef5e36e0c8cd84eb3c9b003e486d,25957,teresopolis,RJ
761681a821d8275bc79f552116d06869,17606,sao paulo,SP
3361277dc30b7cccdb0c286b24219756,87015,maringa,PR
519a7aa428f18d125a283cf8c014fdd6,89180,rio do oeste,SC
3c7c4a49ec3c6550809089c6a2ca9370,3804,sao paulo,SP
53b0300ca793f9834cd69c0678d35ee8,13339,indaiatuba,SP
822bad9bc42b51213ba522fe87b7ab5d,88330,balneario camboriu,SC
48162d548f5b1b11b9d29d1e01f75a61,13403,piracicaba,SP
88ef59b51bdaa941d10a853429f2b6ce,83280,guaratuba,PR
1992f8fb6b19fcccd97ca819811e7267,1403,sao paulo,SP
3fd1e727ba94cfe122d165e176ce7967,14802,araraquara,SP
ea4e9ce63a2134743b4a92777437fcdd,88135,palhoca,SC
45a3d05fb00435e52a28859dd03703b3,7176,guarulhos,SP
c3fe93ba3085f92855c97e57f38c8c05,81510,curitiba,PR
9646c3513289980f17226a2fc4720dbd,12215,sao jose dos campos,SP
52a52b9f656520e99716f5bc40f661c8,13573,sao carlos,SP
36a968b544695394e4e9d7572688598f,11010,santos,SP
4b5f66b7adcf57f1ecc0d3c07dd6b177,87025,vendas@creditparts.com.br,PR
ec21206b7894c503788a684a7bc822a6,28950,armacao dos buzios,RJ
b1aaae6b66ad3c40f54b389d7ea4bee0,4714,sao paulo,SP
89ad3263c0931c47f976d7c5778e60f6,5127,sao paulo,SP
af4a0e4cfe1d9c26b6712b1be25a72e5,35670,mateus leme,MG
6f1a1263039c76e68f40a8e536b1da6a,3581,sao paulop,SP
5f67c6082caacb26e431a7b17940cece,87083,maringa,PR
5721089ba9214e80074f27d5a03fc0eb,1408,sao paulo,SP
1782ce2db72c3dda627d5e7c898104e1,6766,taboao da serra,SP
8160255418d5aaa7dbdc9f4c64ebda44,14940,ibitinga,SP
cee48807215b30a12ca2ca10ffb5f250,11431,guaruja,SP
8e670472e453ba34a379331513d6aab1,36087,juiz de fora,MG
633ecdf879b94b5337cca303328e4a25,4438,sao paulo,SP
05a940b4ecae36cadfd8e93bd9c43257,74305,goiania,GO
da7039f29f90ce5b4846ffc0fcc93beb,9041,santo andre,SP
4c03b9dd4c11ee2cb35c96c49efc9420,13232,campo limpo paulista,SP
a5a1bfcf728ab0e19182959cf0771ee4,13960,socorro,SP
431050a06a317f2b38168dec3dcd2b46,2475,sao paulo,SP
40ec8ab6cdafbcc4f544da38c67da39a,85603,francisco beltrao,PR
ffff564a4f9085cd26170f4732393726,13070,campinas,SP
bede56095ba33c42038fb85f707b8a42,13271,valinhos,SP
bbad7e518d7af88a0897397ffdca1979,1512,sao paulo,SP
a806a4bb063ea7ca6d374eafa50a6058,29161,serra,ES
1b1ae47a313a825a7ccceb8e2e30fa9d,83450,bocaiuva do sul,PR
d9e7e7778b32987280a6f2cb9a39c57d,3304,sao paulo,SP
99a54764c341d5dc80b4a8fac4eba3fb,3273,sao paulo,SP
939f6e231201f26803cb5c3a3d2940b3,17051,bauru,SP
282f23a9769b2690c5dda22e316f9941,31573,belo horizonte,MG
427165bf50f8ca07efc7bdc2bfcf1688,13471,americana,SP
d03698c2efd04a549382afa6623e27fb,45658,ilheus,BA
e21a1e8be4715b0fcfd5385643bc49c4,88715,jaguaruna,SC
1e26c56af8d48424e1df0140a2401f83,13911,jaguariuna,SP
8f119a0aee85c0c8fc534629734e94fd,6440,barueri,SP
fdaaf5bfda82b7b80535610c831b8d09,15015,sao jose do rio preto,SP
b274baf5bbd142410eb2958cf685d684,95780,montenegro,RS
bcc9dd23e2a8bd8267cf92b19304a1b9,14940,ibitinga,SP
751e274377499a8503fd6243ad9c56f6,13097,campinas,SP
1fddcb7b326905d3ad5efe82187db347,2279,sao paulo,SP
b1fc4f64df5a0e8b6913ab38803c57a9,24440,sao goncalo,RJ
4eb61f060e7dcc1d5a80d806c35cc541,5743,sao paulo,SP
1d0646a72178a6fb37ee8082140e06ec,89203,joinville,SC
0ebd97a106433a45a4aebe57c1799778,32240,contagem,MG
63bc58679c44e8a998792119fd7ad23e,5595,sao paulo,SP
101921376b577a4540dc30e9009133ca,13505,rio claro,SP
f0ec78809fe0bc3edb11c9fe5b97b059,4291,sao paulo,SP
6219ba2359cfb97f2e38fd4c321eb309,2110,sao paulo,SP
a7f13822ceb966b076af67121f87b063,8577,itaquaquecetuba,SP
4e8dacf3d38f281ae26c3e0321d92d88,8420,sao paulo,SP
78a4d36f65a019172c6154468831a69f,17018,bauru,SP
c64a2aec32cc408a8a4c6d7c46017f91,95625,imbe,RS
cb162c8eef257253782d245c08d9097c,6419,barueri,SP
fc6295add6f51a0936407ead70c1001d,4101,sao paulo,SP
f0e103c63864d5405b958d984b6e94c9,6150,osasco,SP
5def4c3732941a971cba8fdee992ede1,2113,sao paulo,SP
80e6699fe29150b372a0c8a1ebf7dcc8,83323,pinhais,PR
42ef3192a9ff87a22d1867b74b3ee205,9090,santo andre,SP
a2deecd5398f5df4987110c80a1972a3,5043,sao paulo,SP
9853a239ab7b7ebbdc3a21248d5b8e1f,83602,campo largo,PR
f8e2c1b59cd4225a3e4fd0d013a76b93,14021,ribeirao preto,SP
9c3c24eca51c52b91c1de727d2a2ae06,95020,caxias do sul,RS
f524ad65d7e0f1daab730ef2d2e86196,99300,soledade,RS
aae5953b9edddf14749c0d65d60eb4b9,31035,belo horizonte,MG
c003204e1ab016dfa150abc119207b24,7790,cajamar,SP
5656537e588803a555b8eb41f07a944b,72015,brasilia,DF
503c1de08ae81a2d86f17951b204db55,3725,sao paulo,SP
b8bc237ba3788b23da09c0f1f3a3288c,88303,itajai,SC
7816cd9c5b1238e320545f5bf7eb80e8,14801,araraquara,SP
213fafb0ca06fb3d5886579c2565791b,35700,sete lagoas,MG
404e1ba01358af4cd63f679b2c4d1fa1,36032,juiz de fora,MG
186cdd1b2df32caa72cfb410bba768d3,89295,rio negrinho,SC
de23c3b98a88888289c6f5cc1209054a,5530,sao paulo,SP
fe49ee029e61e789a1f3a5525f57ba8d,6018,osasco,SP
902c99f1ac505c0d18778b61bcd636f7,13840,mogi guacu,SP
94ca168e8bcb407ab85c5da308863027,16250,clementina,SP
82921991ff5b557b045605b8bbf08d49,1023,sao paulo,SP
77128dec4bec4878c37ab7d6169d6f26,2610,sao paulo,SP
4bf658053d453036c70976bccb2c31b2,15070,sao jose do rio preto,SP
e8a85b5f3df47be0984c55fd4064dbb4,71825,brasilia,DF
28f10b1c5e5abb9d4857745bede6147c,4250,sao paulo,SP
48bad451945f5227341793478d6353ea,1220,sao paulo,SP
2a61c271b1ac763450d846849783e922,9175,santo andre,SP
ba6ce6de456f6c11d08c17701ba5c26f,18044,sorocaba,SP
5dceca129747e92ff8ef7a997dc4f8ca,13450,santa barbara d´oeste,SP
e1dc0754bada9ee4cfe9713f22f61292,25035,duque de caxias,RJ
39a5005f2605cbdb4f9ac14485cabfd1,14780,barretos,SP
2bf28e311bba65237358230cabac3f15,86047,londrina,PR
0e44d110fa6a54e121cb2c095a77762f,7901,francisco morato,SP
3d871de0142ce09b7081e2b9d1733cb1,13232,campo limpo paulista,SP
bf0d50a6410d487dc97d2baac0a8c0be,13408,piracicaba,SP
51e4e89242cbb846c2deff3dc015650e,96203,rio grande,RS
86ccac0b835037332a596a33b6949ee1,89041,blumenau,SC
c97aa4ee7420f937da13b7f9e2228b99,93510,novo hamburgo,RS
aac51c486b672a9850d59f3e84b1cf88,2752,sao paulo,SP
3340ef1913fb70d28420f6ceb685c339,87040,maringa,PR
76de363de16dacc923eec8daf91df504,89825,xaxim,SC
58b98ccb79873e04eac4357cacc590d9,13043,campinas,SP
fc99f99385ae90f66f01733856fb88c9,18550,boituva,SP
b74d1c09cb380e1d03a6f859c6f4224b,20061,rio de janeiro,RJ
1bb2bdb95f4841f1bba2c0d2cd83d3c9,1257,sao paulo,SP
670c26e0f1bf8d0576271d5cfaec6d2b,87025,maringa,PR
c32fc744b9160ac853450488e3cfea93,14020,ribeirao preto,SP
59de1d4c8c057c2a53acd4ca66531af2,80215,curitiba,PR
e64882b4ef12aee8d0faca4db5b681f4,74210,goiania,GO
1b65c144b17e607c0f37f10bb7dfec8d,89160,rio do sul,SC
15ac3c501e2599e4917316fde5c5669a,4911,sao paulo,SP
f4aba7c0bca51484c30ab7bdc34bcdd1,1031,sao paulo,SP
e0878efa0e0b7e5313ac0b43bc04c081,80230,curitiba,PR
03a2a6dcbe45d639c4dc2a0d24769c40,9340,maua,SP
327b89b872c14d1c0be7235ef4871685,69005,manaus,AM
e9d99831abad74458942f21e16f33f92,3542,sao paulo,SP
a45765f8afb1e594b22bf9e974b46765,2411,sao paulo,SP
dc8798cbf453b7e0f98745e396cc5616,5455,sao paulo,SP
d9cd369bffa979d1634f8e1318bf2f1b,15115,bady bassitt,SP
240b9776d844d37535668549a396af32,24120,niteroi,RJ
70f7e8018e3d46c748c92f026aa2585a,1314,sao paulo,SP
d1e2fe627180431ffda076abb303c56f,25900,rio de janeiro,RJ
3f2af2670e104d1bcb54022274daeac5,87240,terra boa,PR
bb3dca718920a4d7ec3cc9ffb025108b,8011,sao paulo,SP
babcc0ab201e4c60188427cae51a5b8b,13660,porto ferreira,SP
eed78ac17f7f795a19a709745f00cd4e,18608,botucatu,SP
a2e874074c877c5a05abae80ad6e488f,15070,sao jose do rio preto,SP
abcd2cb37d46c2c8fb1bf071c859fc5b,78020,cuiaba,MT
1703bc09972dab9782e7a9194943b69f,37165,minas gerais,MG
365e445f796710c3431557e85caa25db,4083,sao paulo,SP
0bb738e4d789e63e2267697c42d35a2d,18130,sao roque,SP
3d290fe363c60a77498c1126fd3fb8d3,6694,itapevi,SP
325f3178fb58e2a9778334621eecdbf9,6790,taboao da serra,SP
8c16d1f32a54d92897cc437244442e1b,89023,blumenau,SC
f5a590cf36251cf1162ea35bef76fe84,9720,sao bernardo do campo,SP
61f159ef6da2d441951d2c0efa719362,29160,serra,ES
1e8b33f18b4f7598d87f5cbee2282cc2,2066,sao paulo,SP
59cea8e446d3834393058e7e0666b6fb,87050,maringa,PR
8c5e007d7bd5693fa1386ffefbc99f6c,13347,indaiatuba,SP
1da3aeb70d7989d1e6d9b0e887f97c23,4265,sao paulo,SP
5b67882648febfb6e1225e6ad7164f6b,87502,umuarama,PR
53e4c6e0f4312d4d2107a8c9cddf45cd,13920,pedreira,SP
039e6ad9dae79614493083e241147386,3560,sao paulo,SP
d65f31d2413268e671989503f6cf9993,13160,artur nogueira,SP
cad10cc982ab6a391570c211b995c17c,18701,avare,SP
527801b552d0077ffd170872eb49683b,17400,garca,SP
be67f78487e2cecb0d55bc769709e4f5,32419,ibirite,MG
8ca1551acf9832a4cf467bbbac15851f,83607,campo largo,PR
2ea0861cc19e94cad86438c984c52da4,3731,sao paulo,SP
7202e2ba20579a9bd1acb29e61fe71f6,14401,franca,SP
0509040ea3fe50071181bbc359eb7738,31710,belo horizonte,MG
20fd2d2080ed85fa67fad3fcbb2c1813,83405,colombo,PR
2039c5e51785b5dde7cf93ccb3b7be2c,14790,guaira,SP
62de60d81c55c29d76a6bce418b31cef,14940,ibitinga,SP
eaf6d55068dea77334e8477d3878d89e,4660,sao paulo,SP
e89c4adbe7b1d0819dbb636e16461cf1,13347,indaiatuba,SP
2e2f44824ab87a0cb961f68bf4073e7f,82315,curitiba,PR
85ecf03781da592876b7844acc1b729f,3658,sao paulo,SP
5c853bb56f70f4d14218944bae111d7a,6715,cotia,SP
bba74270a87732727b5a3b4fd9ac1c39,32604,betim,MG
e8ff5a6ceb895583033fc2a0f314e3c2,89063,blumenau,SC
835f0f7810c76831d6c7d24c7a646d4d,8030,sao paulo,SP
702835e4b785b67a084280efca355756,36046,juiz de fora,MG
4ea2f12dbe91deeacd2c1e74f069a6e6,2334,sao paulo,SP
a066df7361163e7ddc5d7452dd17448b,14401,franca,SP
bc8c8d665ec4664d286be0d521722b19,4851,sao paulo,SP
5e106d93b717c2682b9383da480364a1,85875,santa terezinha de itaipu,PR
bd4431c1a8dfa744b59e1e2a8bc99b9e,20761,rio de janeiro,RJ
bd4ff04377f974574f7f0bf9d6ce7dde,17370,santa maria da serra,SP
3076499bbc033a927bf4a8a41bcf7fd4,15350,auriflama,SP
010da0602d7774602cd1b3f5fb7b709e,9710,sao bernardo do campo,SP
4d6fb82c629c7a5028bfd973c07b05e0,31525,belo horizonte,MG
5d505d2298ad549e4e4e835562fa0c1e,16200,birigui,SP
5aaa890629f83706d8d9bfecd8377c1c,25720,petropolis,RJ
ad14615bdd492b01b0d97922e87cb87f,88704,tubarao,SC
7df1fc11cc5cbc518b39faa60cf5d67c,79112,campo grande,MS
238fac594e170b59c6d228f5a4f4f1d9,17300,dois corregos,SP
29c322e3f09f886f8bacbe91dfbd979e,97110,santa maria,RS
134a288e7de827ec5ec62e3ec9c3a295,3168,sao paulo,SP
33fd411ed63a7c2f9005e3f065d9f85d,98290,condor,RS
edb58a1390adf273840030a3d6253829,13414,piracicaba,SP
1e8c6a4c538f286aee9573239740a4b4,13251,itatiba,SP
07de60b03d150fb3ea09eab5da5e4c8b,14940,ibitinga,SP
f1ce5fdecd64935c28b9ff932751d0dc,6539,santana de parnaiba,SP
ede2977fbaf3738583170735ca403f6c,80010,curitiba,PR
03bd479e1d9484cdb14104d3023f7321,38401,uberlandia,MG
31e60bf8d103ce47932a85f5562deb16,74590,goiania,GO
83645b1645cdee8953ee54c29ceed564,85875,santa terezinha de itaipu,PR
bdae679a9b282249bc23b9b69dae9a99,72210,brasilia,DF
5cf13accae3222c70a9cac40818ae839,38700,patos de minas,MG
a247197e2e9c19a6a53a6888cb8b660f,15056,sao jose do rio preto,SP
249f0e9905a6e06ad6c6bea7547ab9f6,20950,rio de janeiro,RJ
96804ea39d96eb908e7c3afdb671bb9e,38950,ibia,MG
cd233f8bfa30ebfd651f47ee7d054951,16208,birigui,SP
3986c0b54f6b748b75e7bd4e092aa3e5,80250,curitiba,PR
5563732abe64c3036cb97ad924128dd1,7192,guarulhos,SP
51f108f62cb87d61918159902c8f8583,85801,cascavel,PR
134b867a0f7f8bbe6abf10f91874891e,13272,valinhos,SP
57c764b4a836300be881e2ff86e449f9,14021,ribeirao preto,SP
2fa13c8bd5705d279f7ed5cc9ec61c68,4679,sao paulo,SP
e627629ba868740e287800f1a9be81c2,1421,sao paulo,SP
c72de06d72748d1a0dfb2125be43ba63,46430,guanambi,BA
8d79c8a04e42d722a75097ce5cbcf2ef,61658,caucaia,CE
8060d731897e33b5c5ae575ce1e209e1,89052,blumenau,SP
4c4d546adf3c3868fe19c9ec6e9ffda9,87013,maringa,PR
5a9c0859cb00fd8aa4db443837f0a700,89650,treze tilias,SC
cecd97bc34ed8330bd4cd15713eda670,89819,cordilheira alta,SC
9c3a1c416c765687bc79a04113269929,35547,carmo da mata,MG
8ae520247981aa06bc94abddf5f46d34,88370,navegantes,SC
ac3508719a1d8f5b7614b798f70af136,92030,canoas,RS
15cd6eefe58588619aaed41dfa6621b1,35400,ouro preto,MG
4a3ca9315b744ce9f8e9374361493884,14940,ibitinga,SP
478bfe564db21eeb44386606aa30b650,33600,pedro leopoldo,MG
6d988d6174a2c27441597174f8905515,87070,maringa,PR
ed49da7cadefc454d6a67de249eab240,5571,sao paulo,SP
6f892e20a171e98efe17fdb971ff319b,8270,sao paulo,SP
4bfc7a4a1cf8d4d2121c27422d9e50b5,3111,sao paulo,SP
acadd4d36859671cb635527c6c977533,14270,santa rosa de viterbo,SP
034b9387752bfa309f350a70cd45ffa3,89036,blumenau,SC
a1ed30492b3b798bc121845bc4aa7366,4708,sao paulo,SP
abbf6046bbdf1028606a5bc7f00c99e7,89820,xanxere,SC
901b460cdce0c64e471230d7f2f9f3a3,90620,porto alegre,RS
81ed90f07c0bacb7594940ba2ef676aa,35500,divinopolis,MG
11eac105f3f90a9b87b19c89d91e24f3,7411,sao paulo,SP
0725b8c0f3f906e58f70cbe76b7c748c,7023,guarulhos,SP
d1a5cc844736958c11b8efab9a2b4c87,80310,curitiba,PR
f35becee938e982bd615edf8ef12bcfb,19160,alvares machado,SP
634964b17796e64304cadf1ad3050fb7,21840,rio de janeiro,RJ
6624bc09786f0e41ae48dfc5eeb1a9e2,30390,belo horizonte,MG
54219883e72aad869adfb2a54b7bfa0f,18060,sorocaba,SP
5795aebfe331fbcd02a2c4b679fb7952,88132,palhoca,SC
6e2d3e2dc84fb30f6078f39dd3bddd6f,83408,colombo,PR
3078096983cf766a32a06257648502d1,13720,scao jose do rio pardo,SP
014d9a685fd57276679edd00e07089e5,87015,maringa,PR
656591be56071d4c9ef4e5fee78a578a,9180,santo andre,SP
26562f211dd1364af2a8596dc945e8ae,9785,sao bernardo do campo,SP
bccf933e006e9b94a6184af782963e77,19806,assis,SP
12c2ed9cded6138cf0c75f525f565fc7,11709,praia grande,SP
961dff0a659b4561334372337dd897d9,21510,rio de janeiro,RJ
b33e7c55446eabf8fe1a42d037ac7d6d,14850,pradopolis,SP
2235cf78d3e2073a88146a9cb60f0dd0,4547,sao paulo,SP
218d46b86c1881d022bce9c68a7d4b15,14070,ribeirao preto,SP
08d1c9478fb0d7d7fcac9c0da4e82fc7,31110,belo horizonte,MG
dfc475d54e1b6dbeeb7d7d9bdaa63827,81460,curitiba,PR
813348c996469b40f2e028d5429d3495,13206,jundiai,SP
c394e193cda3b4225ff2094d32184849,4104,sao paulo,SP
2745f798279e0ed033addcc1474776d7,3106,sao paulo,SP
6b803197e03abd5056b4313306b4f29d,1123,sao paulo,SP
bafc5aa11e413978be29040f51342e70,30130,belo horizonte,MG
44717f64ec2a457979cf83c429077666,98780,santa rosa,RS
b7cc6c5e001441ae8cdd5c69a480cbe4,89520,curitibanos,SC
af7cdac9d9897cddead9c6b08976c642,18500,laranjal paulista,SP
b3e2faf2c1004d674f16a3aa3197f0e1,14093,ribeirao preto,SP
670a9dda115b5a88b18cfadee8de2332,14096,ribeirao preto,SP
3b15288545f8928d3e65a8f949a28291,14940,ibitinga,SP
3e35a8bb43569389d3cebef0ce820f69,3124,sao paulo,SP
81783131d2a97c8d44d406a4be81b5d9,18015,sorocaba,SP
29e6e05b65f93bc224c644319dc52ecf,36010,juiz de fora,MG
cce6ab8d1682639fe45ab70234f1665f,81020,curitiba,SP
e1643dff33666ca629e3644c02738179,3182,sao paulo,SP
76623fde66e6b63b59440fd34160512d,7124,guarulhos,SP
5275ca25d0358ca73864e0ae41be1320,7024,guarulhos,SP
eb4df17aed01d918c65f0f8d650900c0,13140,paulinia,SP
10089e9f2fd0c668a8fd4e52e1698888,15061,sao jose do rio preto,SP
c398bc00a606d33758afd91f4e64fd15,21740,rio de janeiro,RJ
2f09f7d37a97956d11cc1a7cadd5262b,14090,ribeirao preto,SP
e58a5b390e28abc0b216cfb0e07d27d7,22640,rio de janeiro,RJ
f41ce2e25237f9092cd8e6e7516c7a2f,7013,guarulhos,SP
8e6cc767478edae941d9bd9eb778d77a,38442,araguari,MG
028872bfa080090a9d0abd4f1af168f8,33940,ribeirao das neves,MG
1710c3aaa9c6b44ec3883ee0fe300e21,9551,sao caetano do sul,SP
52d76513f0c4d97f3b99570e2c94ee31,93348,novo hamburgo,RS
dace965ca58120f92f8d742a9fa1864b,14015,sao paulo,SP
f5b44895715ddfe3087dc414f30268f3,18017,sorocaba,SP
c8467937e403e76a8ee9f0ab13f6f5ef,37704,pocos de caldas,MG
56f413900b5166ab4d730e9ac0b12cb0,18076,sorocaba,SP
3f8034bfc6b8b4135534975d49f04c63,81560,curitiba,PR
4992e76a42cb3aad7a7047e0d3d7e729,3334,sao paulo,SP
265fdc289dffa9f1ad801c74f7d0de47,15155,jaci,SP
0afccdb8a34ee5c79f7c06faf2b4d56e,38400,uberlandia,MG
02dcd3e8e25bee036e32512bcf175493,32310,contagem,MG
c9e5ad1f6647f5dbd1172adf6ae3cada,90240,porto alegre,RS
02a2272692e13558373c66db98f05e2e,20040,rio de janeiro,RJ
f783a638e9c6af4a7d0dbfde811e7a81,3063,sao paulo,SP
0b18d63d0cd1d723567903fd34a07df2,5141,sp,SP
3ef37b7ca6dd2b80bd8af81a62504996,1452,sao paulo,SP
dd4d95ba2d15c071e6c695e2ef6ce169,29315,cachoeiro de itapemirim,ES
7bb8fac2913a6064ec412e583c6d8b4d,17017,bauru,SP
86649b1632b1c0e6c0bcb2c90a8b75d8,85884,medianeira,PR
8dd386be0767c330276ea6a3f96532d3,88490,paulo lopes,SC
deaadd805612bf94faaa9fa702516e11,5756,sao paulo,SP
5e063e85d44b0f5c3e6ec3131103a57e,5302,sao paulo,SP
6e4f5ff6b086632ba8dcb558fb10249e,95270,flores da cunha,RS
117cfc326c6d50da67ca858ff5c0c852,25530,sao joao de meriti,RJ
d25aa0aaacb370e912f8cf6efeba38b3,89108,massaranduba,SC
c0e6839516f5398edc34adf5f1d53d1a,11430,guaruja,SP
119c7f1a00ef43fad0e57604e76a747c,2614,sao paulo,SP
2953ce3a88f5e3c3b696d77fc9e4c8eb,4270,sao paulo,SP
bbf9ad41dca6603e614efcdad7aab8c4,60348,fortaleza,CE
d7b2377bae6ace1b11fc69a11900ac36,2415,sao paulo,SP
57fe6232e67823593374a2281d7a8af8,13360,capivari,SP
4da0e408c99d2fdc2126dc9fce518060,86300,cornelio procopio,PR
8b28d096634035667e8263d57ba3368c,12243,sao jose dos campos,SP
82cb9f452fe8334df74b22d37824b431,95013,caxias do sul,RS
9bc484c87d79cd4874e05ca182658045,2422,sao paulo,SP
c6218512d16fcac0af02fe92691cf274,32315,contagem,MG
d17f467e4bf608a510c20d82f4ba3b6b,95098,caxias do sul,RS
4371b634e0efc0e22b09b52907d9d469,2028,sao paulo,SP
1b45169b635ef59425637e9a33eb5fb3,87050,maringa,PR
bd23da7354813347129d751591d1a6e2,3971,sao paulo,SP
412a4720f3e9431b4afa1476a1acddbe,13060,campinas,SP
7238a95bb63ef7e498389fb863b834a1,13487,limeira,SP
26785a546900236d66f2e4197c211158,8430,sao paulo,SP
b7ed9fb14c8eadb37adb9c45d67ab0fb,12331,jacarei,SP
a0d7fbb07bb5ebc3b05980e750db56f3,8500,ferraz de vasconcelos,SP
10264f60a8f0a4d2f30810f5c661c673,13090,campinas,SP
35857757f553273b1056c1cabdace7fb,14020,ribeirao preto,SP
538caafddff204241cecbf3a02e6b3cf,4516,sao paulo,SP
913fd0ebba70bb919f7254a02239173c,89065,blumenau,SC
b2eecf5ea250510da76590ca79d60e5d,3318,sao paulo,SP
1c742ac33582852aaf3bcfbf5893abcf,30668,belo horizonte,MG
8f2ce03f928b567e3d56181ae20ae952,5141,pirituba,SP
4d9fea3499bdc22aa4da4e339365f215,4209,sao paulo,SP
d4e12e7884759a14fa0f5f896c791cae,2242,sao paulo,SP
e24fc9fcd865784fb25705606fe3dfe7,12913,braganca paulista,SP
5882f40daf39bc2a465e0cb453ddc222,5616,sao paulo,SP
26e2c91ef821e1ff8985f408788fe35b,14940,ibitinga,SP
53336f97ddbe53e2a617d07b17447b95,3461,sao paulo,SP
fec8cd45395b3cb0c2b173d7739706a1,12270,jambeiro,SP
e116c7455dd26a4d8c3e92532583905f,1140,sao paulo,SP
900ba814c251a692506d7834c1218441,13328,salto,SP
afe0067131b73e40875c9b6c10bd2e21,35590,lagoa da prata,MG
542917da124346b47ea1ac79a93ce454,82560,curitiba,PR
35b96509602ec4b7da831b5cd73ff2c2,93040,sao leopoldo,RS
4a23adac87cf538689fa600d976f78b2,4537,sao paulo,SP
85cc55e048b6bcc90c75afe7f0e72f72,27345,barra mansa,RJ
2009a095de2a2a41626f6c6d7722678d,15025,sao jose do rio preto,SP
3a52d63a8f9daf5a28f3626d7eb9bd28,71900,aguas claras df,SP
e9b6c33b71b67737693b4cfa68341c8d,3009,sao paulo,SP
c458e2045a8aa8964f8879af03fdcce6,9572,sao caetano do sul,SP
6601ee6383e7f452be71929f8de48bbb,14027,ribeirao pretp,SP
5a4236931428800e9d9cc04af0987118,2916,sao paulo,SP
258447aad3f7b01e2643c89f64dc5647,87210,cianorte,PR
8a32e327fe2c1b3511609d81aaf9f042,2443,sao paulo,SP
0f519b0d2e5eb2227c93dd25038bfc01,14940,ibitinga,SP
d7d517afce974cd491b8d52bb5b5b1fc,3508,sao paulo,SP
ec5c1d94df153d473b37f880977ae58e,21320,rio de janeiro,SP
31561f325664a8a7aba4c8d0c3a9b3db,3287,sao paulo,SP
70c4eedec9cb4a85cda2f3f9673557b4,1208,sao paulo,SP
4fb41dff7c50136976d1a5cf004a42e2,44002,feira de santana,BA
d23019c84ffae2d5ef2270367b8605fc,86073,londrina,PR
ad8ada0ffa993cb1197d102d9ab21a3e,38445,araguari,MG
ce20a2ec1514c25e16f2b5b39bc818f0,5186,sao paulo,SP
0f94588695d71662beec8d883ffacf09,88037,florianopolis,SC
3a79f35a2344ede41af21267f61d5ec6,13040,campinas,SP
b586cd24c010a13916af621b0325fbba,89164,rio do sul,SC
2075d8cd4dd63ff12df0749a5866bb06,80010,curitiba,PR
0d83f8e03188682112cc0d93523705cc,91150,porto alegre,RS
85044848b1b767db2a4a58526adef4b4,6018,osasco,SP
c3251e13f1bbda6c74e37c160f991e19,13660,porto ferreira,SP
4a1f694197d05fe70026b016a7316b41,13920,pedreira,SP
6ebf4eceee4dd9847201c82e77ef8123,23587,rio de janeiro,RJ
0873d9f8f36123f8d910f4760e788cfb,6465,barueri,SP
a44fb5a447105f8469bdf16bf9159f25,91920,porto alegre,RS
dcf3755cefcdc158ad0b7bdde51e871b,96503,cachoeira do sul,RS
4869f7a5dfa277a7dca6462dcf3b52b2,14840,guariba,SP
6bb66d9870c2e01c05655c7ed0e7ee13,4101,sao paulo,SP
1c5e4e49b9079480255b49d50aac1aa9,11030,santos,SP
6a3139c7bf09ece22a4713d956acbe5e,13790,sao sebastiao da grama/sp,SP
37515688008a7a40ac93e3b2e4ab203f,17900,dracena,SP
8fec2e460530482132c436cfb5439925,18500,laranjal paulista,SP
1746c1ae87ac63d530c7c943d0ac42e2,6501,santana de parnaiba,SP
afac9f6b0c4e5f0a7ee87e922cd0f873,17047,bauru,SP
3be5841cdcc46de4ed3f9116f104b2c5,6473,barueri,SP
0249d282d911d23cb8b869ab49c99f53,5676,sao paulo,SP
23ca5f678e0b3ea6c630b30fa8bf51ea,2839,sao paulo,SP
5eeb9c756d9780b96283e5a2ac6da334,14010,ribeirao preto,SP
25be943a321c8938947bdaabca979a90,9725,sao bernardo do campo,SP
818d28f936e791926d33bcb6ee94ef79,4141,sao paulo,SP
bfd938b22bc99bce1ae60dc602889f52,22775,rio de janeiro,RJ
c12b92bf1c350f3e6bf88d3596219c86,17400,garca,SP
97e995629983723d11830a829bc2b246,12604,lorena,SP
ffa6adafb71b807dc13159e26431354c,86030,londrina,PR
080102cd0a76b09e0dcf55fcacc60e05,31140,belo horizonte,MG
5a6a02f419701fc8c605af71d4fc57a4,13465,americana,SP
94b9108d4b637ba65bb4f1e53cfcf8d8,7221,guarulhos,SP
0fe2d9733ed841eb064503920015a8c0,19906,ourinhos,SP
154bdf805377afea75a3bd158e9eab10,14940,ibitinga,SP
b2ac621f0d0322434d04a12b078b9369,80220,curitiba,PR
9c54608f0996c32ae4743089d915f845,87900,loanda,PR
17306570e772e7718c92a562d33f5f1d,17250,bariri,SP
244c2f1bff6afe1f2eaf9bfe9b2aed38,8832,mogi das cruzes,SP
71039d19d4303bf9054d69e9a9236699,3018,sao paulo,SP
54065e9aef7e9e9c2dc23b7594db021a,20040,rio de janeiro,RJ
7ad41305e96a6cab8294cd65891e9a86,28810,rio bonito,SP
25e47381a6c510ddeb36084e33b89f0c,11720,praia grande,SP
4d6d651bd7684af3fffabd5f08d12e5a,17209,jau,SP
24a6daf925d9d591870a66660416de31,14078,robeirao preto,SP
f0563bacf40c311f1c4d3d6b67b8a7a7,88704,tubarao,SC
b76dba6c951ab00dc4edf0a1aa88037e,3237,sao paulo,SP
1bc2e21de46adfea6b98cc96b00f3b40,89228,joinville,SC
b1204cfda1d4948679db3cfc0d3cb95c,7170,guarulhos,SP
b4ffb71f0cb1b1c3d63fad021ecf93e1,3880,sao paulo,SP
165b1235e9e9942cb5fae67103576fb0,14020,ribeirao preto,SP
8eb88b0acb3f90a717ad659221471fa7,89504,cacador,SC
9599519be538b98748162a2b48248960,5008,sao paulo,SP
0417b067eeab773d2f7061a726dc477f,89288,sao bento do sul,SC
c26ba52cf8d2f34915f2f6b7ffa0a3f3,21510,rio de janeiro,RJ
e5cbe890e679490127e9a390b46bbd20,1041,sao paulo,SP
974cf2cb8f4b7add98709c30df02fe10,14802,araraquara,SP
3c487ae8f8d7542beff5788e2e0aea83,72460,gama,DF
4a3ccda38b2129705f3fb522db62ca31,17504,marilia,SP
876182d1918783bbe15233febfbd4926,4208,sao paulo,SP
33576ec5412fb5905d876f12f33bfde6,80040,curitiba,PR
5b85809efd0d0e4dea1a9544e1280ed9,19020,presidente prudente,SP
5566627eab3fe93fd6ee08798226101a,83005,sao jose dos pinhais,PR
e504a4e2efaa45cbff7e268a2c58c956,13520,sao pedro,SP
056b4ada5bbc2c50cc7842547dda6b51,26379,queimados,RJ
1e483cc5c76fef08d3ca05f9a8af7d01,2929,sao paulo,SP
9b1050e85becf3ae99c1cf4934c9bc5d,39400,montes claros,MG
b248792ac0b60ec3f93d80af1b4fae47,9560,sao caetano do sul,SP
34056b8b55c1775a22af2331670a799c,16304,penapolis,SP
21d59342ba150175ca2aa4f8faddeca6,8593,itaquaquecetuba,SP
23c38debaffe4a25a30fdbd9b586a13f,18110,votorantim,SP
d9c349beabc06aa6ff1c6d68b5e9e22e,3586,sao paulo,SP
49f8d2ea7b718d0ce587d34207caf2b4,9830,sao bernardo do campo,SP
bd1d49a326abfa9b1036772e40445430,17017,bauru,SP
6861de0f40cacb0602e473c51639f980,80420,curitiba,PR
c9c7905cffc4ef9ff9f113554423e671,6871,itapecerica da serra,SP
aa17b35ce4de7b565be3249ba838944f,13214,jundiai,SP
0887a9f087bcd5d9f6642b52f897fc6c,11990,cananeia,SP
abc015ebac1d283a323ca9db35ede4b9,14055,ribeirao preto,SP
00720abe85ba0859807595bbf045a33b,7070,guarulhos,SP
75d34ebb1bd0bd7dde40dd507b8169c3,41820,salvador,BA
e5e33c0d8e7e002f398f5dc4cbbb338f,17032,bauru,SP
8f54d64f28a993550aa7943f12572959,35160,ipatinga,MG
91f5779a8731baca4809fdeade81803f,27321,barra mansa,RJ
13074f016982ff2bd6c58ced8682f000,95705,bento goncalves,RS
bec568278124768c474ee90971ca94d1,3553,sao paulo,SP
534a01cc6df1e034e05c32028a291fa2,13214,jundiai,SP
cd3d09fbe6e3e9ff0c0ac0c300e93ae7,13380,nova odessa,SP
57e632711dec9ec14ca7546769483e7e,88372,navegantes,SC
cb3dd9ce66268c7a3ca7241ac70ab58c,3028,sao paulo,SP
094ced053e257ae8cae57205592d6712,14095,ribeirao preto,SP
9906e7aa42a3c067b7c9a564d01c4320,87065,maringa,PR
1f1bb1f0859883505541bdd6606193e5,2124,sao paulo,SP
4200ddf1967c5e41e48db62bc6d4b5ac,9710,sao bernardo do campo,SP
ed9eef5be0992d413d251fadba1a410d,13845,mogi guacu,SP
139157dd4daa45c25b0807ffff348363,3064,sao paulo,SP
c1849d4d32d7a6cecd5aa471809d3135,9070,santo andre,SP
64b87978a11c1ea7501a89eabe8c2c1a,19300,presidente bernardes,SP
33ab10be054370c254ddfcf0a6253422,22790,rio de janeiro,RJ
bff9deb0ec77d437f3305a79cf25529e,13481,limeira,SP
3fefda3299e6dfaea3466ef346a3571a,82620,curitiba,PR
236585a4ddb5fea9fa40233e2249ed91,95088,caxias do sul,RS
499ec63c58e51296c9cf57edcfe1c8a8,2918,sao paulo,SP
6f83d9e4da896daae20b9b6b2d3ff8d2,84925,pinhalao,PR
35ef5aa32949680f627efec3c23e705c,88960,sombrio,SC
403aa86912527d730337ffcb0fb096ab,30220,belo horizonte,MG
ec8463980a4e0ea9f8517aea1ed0c419,88010,florianopolis,SC
c847e075301870dd144a116762eaff9a,38022,uberaba,MG
6c77cd583b36a13aacccf2b3ee23e233,17505,marilia,SP
5ef131ac72773e5b3f6c0d63cf424657,14075,ribeirao preto,SP
6cf476a4ca74498db55cbccdaa9dcfb6,2873,sao paulo,SP
c447f8dd3ed213f291d65ef074a268eb,19802,assis,SP
4736e9d642ef4257cd7622516931eb51,13424,piracicaba,SP
a5cba26a62b8b4d0145b68b841e62e7f,87303,campo mourao,PR
a1bea9970d8f65b240555f99c2214f7f,83323,pinhais,PR
1025f0e2d44d7041d6cf58b6550e0bfa,3204,sao paulo,SP
a5dd1946fb63ada8bcaa0c9cd8f11e22,55002,caruaru,PE
c5f7feb04a6a1fb3596322bfc3cf1917,9571,sao caetano do sul,SP
c3e1abd72a42fe690fcd89cf5720fe29,13840,mogi guacu,SP
891071be6ba827b591264c90c2ae8a63,3872,sao paulo,SP
491a5ada3aa1678414e990262c4bbdc1,4208,sao paulo,SP
84deb808079d1be601c209c1e771b1cc,81200,curitiba,PR
dd58ee93286b0821565574c570e9e1dc,81650,curitiba,PR
9558aa23f77a9e0a0eca83540999f43b,86801,apucarana,PR
3c4e0452bff7a2a788179488d3d77032,83408,colombo,PR
ca5832c6960267b71041f74bb39e8b12,89820,xanxere,SC
668bf321538e5072858eaef6087ce027,83323,pinhais,PR
01266d4c46afa519678d16a8b683d325,80250,curitiba,PR
6c99c983ce3b6ba0ab813e6790e81691,38400,uberlandia,MG
6aa3928696eab49a19a466e665a649fd,26285,nova iguacu,RJ
7d81e74a4755b552267cd5e081563028,4735,sao paulo,SP
f8d5c7085db9a4ad2b8c1ffbeb2798c8,4104,sao paulo,SP
7586919161935337bf6b6d7ff5779648,21921,rio de janeiro,RJ
47f55702f598c7c6cc8458b0fbc1c49a,36213,dores de campos,MG
50a7e551a7b3f8d37cd6e32d8bfbe5ea,9520,sao caetano do sul,SP
ea1776927851da2532aa70d6a32c095a,8223,sao paulo,SP
827f8f69dfa529c561901c4f2e0f332f,81880,curitiba,PR
60ad151920c4f6f3ebbe8cfdf6166779,6322,carapicuiba,SP
59fb871bf6f4522a87ba567b42dafecf,3655,sao paulo,SP
fa74b2f3287d296e9fbd2cc80f2d1cf1,19023,presidente prudente,SP
52454f90d4c30c016768db02f88c1a74,13091,campinas,SP
a1043bafd471dff536d0c462352beb48,37175,ilicinea,MG
3338e7a0710a195872be80e0d2423867,13403,piracicaba,SP
8378eb36b6b70c5734e83ad7b8cdc3b7,88301,itajai,SC
f7df46c1e0ec44eed5c6726478da4a17,93336,novo hamburgo,RS
3fac58ce0ad699020c7944d53c41329c,3480,sao paulo,SP
debe6615cd90cc0c2eac2b8988e1f628,4282,sao paulo,SP
baa49d93c8c8841e27400a300f5d74b2,88113,sao jose,SC
5ca5d579b5857ee8709479b1047cecc3,4176,sao paulo,SP
3b872fd4747f01cc56206f2934198618,14940,ibitinga,SP
a4fc6eadaff1576af888509a53420f6a,9561,sao caetano do sul,SP
7402d13c03a7e91366337cd1de471144,86181,cambe,PR
6e4a902d1054e4e17aa6eab87fac1c75,18090,sorocaba,SP
ff82e8873fba613f2261a9acc896fd84,35900,itabira,MG
92eb0f42c21942b6552362b9b114707d,3504,sao paulo,SP
f125f3a310c2e5f822d116147de1e474,3068,sao paulo,SP
72146da5774cabf2632faedcae097a76,85960,marechal candido rondon,PR
b9c0ffa92f3ff9a5a3d45ef7213c0842,8246,sao paulo,SP
1d139e3a3b14025640d8df1b230aace0,14860,barrinha,SP
883dd81e82754ac2c65e9790a7db8c9a,81070,curitiba,PR
09883d9ab71c8fe8a9bfc7fc3075b07e,8180,sao paulo,SP
2f1e7b90e01d9f086cbcb301c0c3d406,89022,blumenau,SC
6bbcb8924baf70b7fe2fe2097e8cd407,89031,blumenau,SC
8e4f041ff58e7845456d3482524014b3,90250,porto alegre,RS
0ec28cec4046a4a199b6de9b4c891d97,74110,goiania,GO
5debea795b07621e1f90532e18f96145,86800,apucarana,PR
2709af9587499e95e803a6498a5a56e9,3813,sao paulo,SP
bd43e172d599bed47a85da877172ca8c,89280,sao bento do sul,SC
725c32fa80c2faacc4fc88450d27314e,3320,sao paulo,SP
850913d59ce317156b00f3705f1c3edb,12942,atibaia,SP
7354220fb240bde543b3c40c060d41e7,71215,brasilia,DF
e8b3a3a38279a82f0e5d006d5e5b7d2c,87230,jussara,PR
b17b679f4f5ce2e03ce6968c62648246,14090,ribeirao preto,SP
43a1d4bab73b816e44ef4e4facd9f9b5,87050,maringa,PR
dd264199fc8b687ad029de7de6d760e6,85815,cascavel,PR
67225bff54a172ff67579aaf583efd78,85960,marechal candido rondon,PA
baeda7047354773262ba2405f97038ba,13471,americana,SP
167fd940acebc789debd6eb418c46e38,14405,franca,SP
4ef4c39cf3c24f326434cf0b2e48046a,5004,sao paulo,SP
ce616e1913288884e7742faac9d981db,6711,cotia,SP
a1474fd46fd3430168f7ec202da39408,83321,pinhais,SP
1b61fb1f0f2185d89e9a126c498e9cc7,87015,maringa,PR
2ff6b7bff164ef05590a52734e1296da,86060,londrina,PR
e4253cef933647000a82ff39c67b7bde,5856,sao paulo,SP
3a3c180dd702a725bd0ba4117689239e,84600,uniao da vitoria,PR
bce6a5ecf98e99fd2a8868b15c51f04b,7180,guarulhos,SP
ea65d8b58316a6f2362f2a9e4b3e86ad,13030,campinas,SP
686886775c8f6b1191c7b953fb52708c,13920,pedreira,SP
0a85ebe4e328db81ac9109781205e2f7,13205,jundiai,SP
1660ad786c27fd935378b6192a90b417,9891,sao bernardo do campo,SP
0db783cfcd3b73998abc6e10e59a102f,11010,santos,SP
52f9db5cfb423382a2fa5c9e39303202,19830,echapora,SP
f307937c1bb287c3efc2a514b94b0d1d,38183,araxa,MG
e88f7a2995ba184710d339c5c4bf2e30,15505,votuporanga,SP
b76a1f8356322f12529c37b67d5c96c2,11015,santos,SP
4aba6a02a788d3ec81c03137144d9a80,89460,canoinhas,SC
9449f25aeaf531019b76999ea49a6949,21040,rio de janeiro,RJ
431af27f296bc6519d890aa5a05fdb11,14110,ribeirao preto,SP
53088c75f948b48a7ece173ac17f0c12,95840,triunfo,RS
0f80a40c312b2472dca482cf50f5186f,18681,lencois paulista,SP
544863df86ed3b78a04e0820d41430ee,29166,serra,ES
78ef7e885d17f35e2382a47aae8b8cce,96816,santa cruz do sul,RS
0be8ff43f22e456b4e0371b2245e4d01,4461,sao paulo,SP
1835b56ce799e6a4dc4eddc053f04066,14940,ibitinga,SP
2e13c71026e1a39ba5cc1b86dcb679aa,2265,sao paulo,SP
0af2ab31141893d26aca5a404a537dab,3431,sao paulo,SP
13d058e4eeac2ce8217660b2f8a05812,6080,osasco,SP
e00d85ce20ea50c1224c66ca5050527d,6286,osasco,SP
e48b04bf1aa1ef711caebeb7aede6180,80240,curitiba,PR
f67efa3f0b6761102a7f8c6b7b571f5d,82300,curitiba,PR
c273175f7c6c80fb02f051e2fc6d0d72,5849,sao paulo,SP
382229d1e840115ffe3dbf5ff460e417,23092,rio de janeiro,RJ
f09b760d23495ac9a7e00d29b769007c,15802,catanduva,SP
5c243662ce92d84573bfaff24c3e3700,3702,sao paulo,SP
38874e327ce94d11390b96eb42d61928,8577,itaquaquecetuba,SP
ab3e0c171fe84a7ba7de130f19cfb485,86690,colorado,PR
85e7c62c1d6ea078c3897424f867a7c8,88220,itapema,SC
262237171f48e85819065498cac80d7b,88352,brusque,SC
fd386aa7bed2af3c7035c65506c9b4a3,4208,sao paulo,SP
b2f4d63c7203f539a78252565ca32257,28950,armacao dos buzios,RJ
dd5450b022b2d00a2145a66331e1aef6,89208,joinville,SC
ff4e2d38692ce827b1a4f4b8196e680d,3319,sao paulo,SP
7963e546f34e098b578f9ad102494601,5624,sao paulo,SP
1588ac4010787100dddef64568f0ae35,87045,maringa,PR
41c2bad7229b0c25e6becf179ebf63ff,59020,natal,RN
8b655f0855926bcb49f5835d38dfddf6,6192,osasco,SP
a213f1bd6458f4a158f3746cb2514559,87043,maringa,PR
1b7e5006cb25dd23ce8686691013b121,2350,sao paulo,SP
4559697a8f7e637227c2eeaed843baff,19029,presidente prudente,SP
4867209cb29b56b92893d7bde3ce8012,17209,jau,SP
19a7c9f66ffa6452ff4b4c0cca71da27,85880,itaipulandia,PR
6fa9202c10491e472dffd59a3e82b2a3,18030,sorocaba,SP
20d53aad4fe5ee93a64f8839609d3586,37540,santa rita do sapucai,MG
42fa4ee7240e9b8eb4576358ec142ba7,95012,caxias do sul,RS
c8660dcf9ba70575f45d80fe28c27713,2040,sao paulo,SP
253c025bab43881055aeecde5e2d8b77,80620,curitiba,PR
7ecd59e5e20407131822c1a68ac59c1f,70719,brasilia,DF
c026ef0d72e9132d9fa112308090c8dc,20766,rio de janeiro,RJ
0b09101900100c0e9d312861fad5a1b9,3168,sao paulo,SP
e8f6dc8e6a1dcde89d20e3995c8d90b3,3476,sao paulo,SP
128f9bfbe4c7d5185033914b1de3d39a,12940,atibaia,SP
a09a13f18ed27932d08438aa6f12756e,93800,sapiranga,RS
81a1104df0f08b59c68aa5b03cfe398e,83020,sao jose dos pinhais,PR
3f84fefc07dc159b268d4a77d3e8c425,83833,fazenda rio grande,PR
750303a20e9c56b2a6bc45cdce0b897d,74333,goiania,GO
f8db351d8c4c4c22c6835c19a46f01b0,13324,salto,SP
0743a0239d764b9a0f959a57d07e36ab,3138,sao paulo,SP
131fcb0a0c9a47bba4474aacff0f14b7,1201,sao paulo,SP
1838dd9b8977065acf51d95e0053ea7a,30882,belo horizonte,MG
1b8b75e227c9a9c100d0c210fb6176ce,5468,sao paulo,SP
eb1bf309f4f6af9a97e9ddac3fdbeabe,9961,diadema,SP
5d378b73ab7dd6f0418d743e5dcb0bd1,1026,sao paulo,SP
39d54ff918774174706fb065d7f9dc07,4243,sao paulo,SP
353e21e8bf8de2722b4fae1636664b76,92120,canoas,RS
5b33b527da3c5b969cc99dc435cad09a,87702,paranavai,PR
c9d2ba8dde44a275ae06475ed1d2fafc,38400,uberlandia,MG
d149de2f383552baea37a7198c2296ce,4193,sao paulo,SP
bf961104a38e01b9062ee026bb657dee,14055,ribeirao preto,SP
1ca7077d890b907f89be8c954a02686a,6506,santana de parnaiba,SP
89a51f50b8095ea78d5768f34c13a76f,71931,brasilia,DF
3a490ba60afa30ece0e7d50cfe74a4f0,31365,belo horizonte,MG
455f46ef09a9e45667e2981df84b5cc2,18052,sorocaba,SP
651fe66032c9520ee5587f694908040d,94810,alvorada,RS
6d04126aba80df143fd038e711b8fd96,20091,rio de janeiro,RJ
3febca52652e7209509ccfe61cbde40e,8596,itaquaquecetuba,SP
d566c37fa119d5e66c4e9052e83ee4ea,4131,sao paulo,SP
62d977e2b2aee830de3e039a28490d12,80410,curitiba,PR
010543a62bd80aa422851e79a3bc7540,1212,sao paulo,SP
7178e1eaa97257d8b6d4b80efd77a025,18270,tatui,SP
2199e7fe213c16213bf5d6a7eadc9a5d,11900,registro,SP
984c273121e743dd14767befe6cb17f5,13474,americana,SP
2b3e4a2a3ea8e01938cabda2a3e5cc79,4733,sao paulo,SP
feb793c88d836c3a75efa4b5a3465d70,3165,sao paulo,SP
e333046ce6517bd8bb510291d44f0130,18950,ipaussu,SP
5a413ade68e8f8d93071a7f52a64cb9e,3679,sao paulo,SP
5a425cc503b39b262a847fd6212bf53b,86010,londrina,PR
9535a841eecebed61a9fb1ac1cbb5597,1208,sao paulo,SP
8f78f0903005064036736c7173a5c2ed,36325,tiradentes,MG
9803a40e82e45418ab7fb84091af5231,75901,rio verde,GO
43b2c864251aa0ce4030c746984e088a,71936,brasilia,DF
83e197e95a1bbabc8c75e883ed016c47,25900,mage,RJ
17908cf9b444ee34047cadd5c0f4a516,75124,anapolis,GO
17eea220a40cc0d2c0c5346379682398,3565,sao paulo,SP
270297ead4c65a6cd2593960d2af6b21,4696,sao paulo,SP
5f0057b677eb963672bf05dfa3f16c34,1309,sao paulo,SP
8185694b58b2ba6de20fd41ae608bbea,6764,tabao da serra,SP
17f51e7198701186712e53a39c564617,3908,sao paulo,SP
2addf05f476d0637864454e93ba673d5,70856,brasilia,DF
b67d6c666e8dce1d078c882825e12704,3641,sao paulo,SP
ead2bab70821ea148476ae9bc08548ac,31980,belo horizonte,MG
fa14641f57b655e933124a9ea49cd7a5,1310,sao paulo,SP
d1582f4043306e6b91afa6a8a884f898,3445,sao paulo,SP
d263fa444c1504a75cbca5cc465f592a,13478,americana,SP
f35b3c613c4f7b2275f4185d0a3c59ec,5417,sao paulo,SP
655220df33262c7e0c4949a147366f94,9951,diadema,SP
ad8b531ae67582f096925cff5630d0d1,84172,castro,PR
499185655c29ecfdbfe776ef7cf875b5,90520,porto alegre,RS
44f091b5abab8018f682fce8124b85e5,2281,sao paulo,SP
7210cd29727d674c00741e5e387b3ccd,3279,sao paulo,SP
f4ce8ca9fa7157e3b33f536ac9a4487d,16306,penapolis,SP
0570350b23eda5444f8d1d9544932058,5104,sao paulo,SP
de9727ca376d1be6ec121b110aa7954c,87114,sarandi,PR
d3891911c2feae53c52fea2bd14054e5,6760,sao paulo,SP
70a12e78e608ac31179aea7f8422044b,12327,jacarei,SP
2eeb6531ee027a48d401e72bebdd87d3,12230,sao jose dos campos,SP
c1ed9e3daf6154542826a6996af0fb8c,88308,itajai,SC
d101c6da914ae3d53f7bee42283f2fe2,8072,sao paulo,SP
a00824eb9093d40e589b940ec45c4eb0,18590,bofete,SP
0015a82c2db000af6aaaf3ae2ecb0532,9080,santo andre,SP
808d4348b916efa08e766ebad39f61eb,2336,sao paulo,SP
fb3cfbc8a86f5d7fbb4d36b8df63f60d,21825,rio de janeiro,RJ
80ceebb4ee9b31afb6c6a916a574a1e2,86026,londrina,PR
2d2c62bef4c8ba0dd74e0e228e808539,14096,ribeirao preto,SP
7c51de0ab286204ce75ff42bf7c10d92,88380,picarras,SC
c1d1ebb4745cc43cb6f05e9c8a705c9a,8070,sao paulo,SP
8def3db7f272735afb2ecd03aeca09a7,28035,rio de janeiro,RJ
ff063b022a9a0aab91bad2c9088760b7,9171,santo andre,SP
82bd0703a4aefd6b599e5bfdaed378fb,17510,marilia,SP
7fe21dd00d2f4943ae09525efa2fd674,20551,rio de janeiro,RJ
7ab0dd5487bab2dc835337b244f689fb,15013,sao jose do rio preto,SP
12a8eb0f8d1cd3270695bf2a99f55966,4607,sao paulo,SP
beadbee30901a7f61d031b6b686095ad,7097,guarulhos,SP
bc39d8938f90a3a2b98193723ed59774,7791,cajamar,SP
fd312b6bf05efac6c3772d5b52205d8a,18111,votorantim,SP
df683dfda87bf71ac3fc63063fba369d,95180,farroupilha,RS
25cf099de44674fde97473224f9d59ab,6716,cotia,SP
7139dc5186aa238b006e066d8fbab2e4,13901,amparo,SP
d94a40fd42351c259927028d163af842,37443,baependi,MG
406740ee611378a662d274c7d8c43c4a,29056,vitoria,ES
6bd503a8230299c9316fb0f726933927,75650,morrinhos,GO
6576fd3e23c88f0e5d4d23f39bba0542,6766,taboao da serra,SP
0885aaf116795758dfeb5f1032487bcd,8541,ferraz de vasconcelos,SP
6288c69c4ce638e59925e59193f98b16,9010,santo andre,SP
dfc5fb7259bb2b599ca565e6e9448f0f,9780,sao bernardo do campo,SP
41958cbd3335433c8740300e8cd600d5,5051,sao paulo,SP
3a3e46d10f74d8a6ca76e2b538f106a0,2522,sao paulo,SP
2d2322d842118867781fc737e96d59a1,5879,sao paulo,SP
e4fc40017a6d22c46a14ac2e17f87c3e,86702,arapongas,PR
5a9b3bcab695173c820e53934574ae80,13320,salto,SP
2bf6a2c1e71bbd29a4ad64e6d3c3629f,28615,nova friburgo,RJ
7c4618c82226628831613e95e9c22f44,18136,sao roque,SP
06579cb253ecd5a3a12a9e6eb6bf8f47,4007,sao paulo - sp,SP
8ab42aa58097fd4668d60cc648225d5f,74150,goiania,GO
4978a02ea9c8be7a9b5480680f40334e,8215,sao paulo,SP
8e29d051f810eb22959ede205b462b9f,15131,mirassol,SP
ccb83a794700270fde70898fe9ff368b,88960,sombrio,SC
612a743d294c27884fb7b80d2b19ba35,80620,curitiba,PR
cb6c9f5888a7a090c75beaf615925792,29100,vila velha,ES
c12d7463a579237ffb9248bd7cff378b,8275,sao paulo,SP
fe701d88b67eaca109dffd464d1be9f9,24900,marica,RJ
46dc3b2cc0980fb8ec44634e21d2718e,22240,rio de janeiro,RJ
fedaedd3ca31d56ab33e92035e4b361c,24310,niteroi,RJ
dbc51f5e45d654ecc16cb68e6817ecea,14402,franca,SP
81f89e42267213cb94da7ddc301651da,19063,presidente prudente,SP
630008e0f062605a415d694489f6f82e,1026,sao paulo,SP
58f1a6197ed863543e0136bdedb3fce2,36407,conselheiro lafaiete,MG
df56d7b40d437f88407c5f78b63bc328,85812,cascavel,PR
165fc07beebdcb6190fba8a06db2a449,87015,maringa,PR
0691148aee60ca47977c187804f935ae,86010,londrina,PR
cac876b37d3abcd6bd76caca30277996,85816,cascavel,PR
9ac4f14370b1e24ddc58be041b7f99df,76330,jaragua,GO
70eea00b476a314817cefde4aad4f89a,13250,itatiba,SP
282c7480173bb9c01dd41cc739fec010,4795,sao paulo,SP
c840d3fdbba0790404fdae73d253b253,81530,curitiba,PR
4f40d2ed38d1cc945364a7cd202a82c7,2337,sao paulo,SP
9cad4b68bb993ee401a3c5aaa2bc26dd,16200,birigui,SP
dbbcfe2c8d026742134ac3e28ccde274,81630,curitiba,PR
2fdde51ad3e12f297da656d4fbd5d0b5,89228,joinville,SC
7040e82f899a04d1b434b795a43b4617,1026,sao paulo,SP
83a75eea11694e36e56dd0cb2240229a,13905,amparo,SP
a1544b9ea0b2390e020537d4daa89049,13211,jundiai,SP
b8a0adc91af209270c2c725168eb00fd,14940,ibitinga,SP
20b54c376b794ed028df09a3cd88e8dc,9560,sao caetano do sul,SP
5415337f1863452476d42d9f14a16a61,30840,belo horizonte,MG
e0482f2c769468c3bbcd8a01e09d98c5,2320,sao paulo,SP
3fe7120d6257285ac6a3ce7cb071ccec,35044,governador valadares,MG
7daca0837f033a41a6f3428c18657533,15170,tanabi,SP
d66c305afaec317ebee552073a674429,33936,ribeirao das neves,MG
a5ff20ff766e7f50bd5066f33da14413,5522,sao paulo,SP
adbe70ab2c97442046d393988c8d1d27,9321,maua,SP
74c7dec0a384d8a05950e629bd23bde9,13845,mogi guacu,SP
42bde9fef835393bb8a8849cb6b7f245,71551,brasilia,DF
89bc797e2e29667aa035d4368f9b7f92,2969,sao paulo,SP
f9eedec3129e8cc6b6429c42d0808c5b,22793,"rio de janeiro, rio de janeiro, brasil",RJ
66922902710d126a0e7d26b0e3805106,31842,belo horizonte,MG
32f1bb9dfa65bc7df5c0d9d95a616be4,4705,sao paulo,SP
05f51e13da97139648b8125c31e5f51b,31910,belo horizonte,MG
c43d924a0f1688ee9fae0efcd6f539d4,20710,rio de janeiro,RJ
91543f9849d68d023e17194926598543,89041,blumenau,SC
3ded4e2d5f135cb103e5949d7263d2dd,37550,pouso alegre,MG
7d456afc660226829370f3173d14520c,8820,mogi das cruzes,SP
1900267e848ceeba8fa32d80c1a5f5a8,14940,ibitinga,SP
4ce6e5f6c52515177e18c1c9361d8677,9895,sao bernardo do campo,SP
157c3e4b42f81ac4a44e8b1ca2fe9876,3211,sao paulo,SP
9fbd5666d8618fa571c4230fafa09bd6,4360,sao paulo,SP
eb9cd5b35d95206585e2185318cb5c61,3064,sao paulo,SP
08d2d642cf72b622b14dde1d2f5eb2f5,17512,marilia,SP
525e75a6fb1454a2325ab1734bcec221,6453,barueri,SP
0e982cff76cc0579f632cea8a0e38c9d,88316,itajai,SC
bc30de0d71bd6260b936a026b5cf7200,13920,pedreira,SP
014c0679dd340a0e338872e7ec85666a,35180,timoteo,MG
78ba5933c21686d1c2f64669c8c459e7,8810,mogi das cruzes,SP
6ee85be3693ed79a8e80718743d80655,3937,sao paulo,SP
63272377184e969942f7fff221be858d,3340,sao paulo,SP
d5ba419e26d246a0719437cf37d9b46d,3437,sao paulo,SP
15aac934c58d886785ac1b17953ea898,29480,muqui,ES
0b36063d5818f81ccb94b54adfaebbf5,89255,jaragua do sul,SC
f789d2c4f2c2eb38fc4373e7a4b35264,36010,juiz de fora,MG
fcf16b7a8697e559f0123190bb30177d,3679,sao paulo,SP
880eda903e719a5f179f7e9fceb3a69d,14610,ipua,SP
7f5e4d5efad7e44b91115dd1decb65f3,12306,jacarei / sao paulo,SP
299c89a525fee36c567f4fe72f038100,63540,varzea alegre,CE
87b740daf17b5d1be335a64164ec6842,8615,suzano,SP
d4f91e8be86b38da2ee35bc489645a9d,12512,guaratingueta,SP
eb3071b9f0b0ddaa2df5ea130f09f26b,4281,sao paulo,SP
7b3f6ce5c6c22e9b96e7581ebf0df6e1,13710,tambau,SP
31da954dc0855f2495c6310f70a2f931,13601,araras,SP
63b9ae557efed31d1f7687917d248a8d,13720,sao jose do rio pardo,SP
ef9952469137ff190bacafe117f51537,38022,uberaba,MG
c18309219e789960add0b2255ca4b091,20521,rio de janeiro,RJ
4a82168aaef173cbb6e46ae88728f919,84500,irati,PR
17e34d8224d27a541263c4c64b11a56b,14085,riberao preto,SP
e2aee0892199b1d92530e371abd825bf,86600,rolandia,PR
870d0118f7a9d85960f29ad89d5d989a,37708,pocos de caldas,MG
eb9267cccc90f1b49c8d2f9887c7dd97,52011,recife,PE
5de1c80811ce7007f62f00d971236c09,88063,florianopolis,SC
ec8879960bd2221d5c32f8e12f7da711,13253,itatiba,SP
586a871d4f1221763fddb6ceefdeb95e,90630,porto alegre,RS
a35124e2d763d7ca3fbe3b97d143200f,4041,sao paulo,SP
9198786624eaeb375793215cad26cfa6,89136,rodeio,SC
fe1b067411b8c5066e962aa146ccee03,19020,presidente prudente,SP
6b9b80d53ba3676eafe60268a810b5a1,31160,belo horizonte,SP
a938325a4b357fd23a6a4d5bb126408e,26510,nilopolis,RJ
f1b854361f4e15d5851b494df66f22b2,20020,rio de janeiro,RJ
3d49bfdd1b43a7fe169b3740067acc61,39400,montes claros,MG
9df5750209b83567ec144eb299d7d634,93032,sao leopoldo,RS
3d62f86afa7c73be2628a3be1423f5a0,12327,jacarei,SP
497709c2976a8fa308730a2dec5b0726,9981,diadema,SP
e73bf2cea7fe4b0b4d287a7568ed1099,89812,chapeco,SC
778323240ce2830d68aab11794e00bfb,13600,sao paulo,SP
2493dc3f20131696a0ecdb9948051a8d,71065,brasilia,DF
a3dd39f583bc80bd8c5901c95878921e,41342,salvador,BA
4342d4b2ba6b161468c63a7e7cfce593,22793,rio de janeiro,RJ
06df0c10d34e459d9672bc77388742eb,87045,maringa,PR
89757206b887aed36f3e18d858460fea,3121,sao paulo,SP
d8b8f2cf9ff6ba0389072541cb42498c,73813,formosa,GO
3c03b12bab54d8b37d79d914bfdb1aa0,25561,sao joao de meriti,RJ
9d5a9018aee56acb367ba9c3f05d1d6a,74930,aparecida de goiania,GO
f9244d45189d3a3605499abddeade7d5,3029,sao paulo,SP
2b3b9ce054da76a7428df143a567b156,3572,sao paulo,SP
198c7ea11960a9844b544d9bcdca860c,37590,jacutinga,MG
a478c7961d6a992065b24e63b366f90b,89036,blumenau,SC
30c7f28fd3a5897b2c82d152bb760c17,24020,niteroi,RJ
66e0557ecc2b4dbea057e93f215f68d8,4771,sao paulo,SP
be1e9e378700cecaa4ebf71433d7915c,14025,ribeirao preto,SP
21e83881401b92b49fb09a16d3852291,38405,uberlandia,MG
55c96925041a14097b6a7825554f4ad5,2122,sao paulo,SP
918f6fbcf3ab724d805867303e593a1b,13273,valinhos,SP
daeb5653dd96c1b11860f72209795012,31310,belo horizonte,MG
228e4c1a0be164f613d41c24345f9d2c,86360,bandeirantes,PR
5145090ab595c0d0b8557199f5701fbf,82900,curitiba,PR
87e24fc7052259b1f7f607d61c10d8be,5734,sao paulo,SP
d66c11a9572221d92fbb8c4897db5f9b,20770,rio de janeiro,RJ
e2c92f9c1c7746d899d18f2e158bbff7,15054,sao jose do rio preto,SP
ea67327e24487bdfac5fbfa37ea124df,14940,ibitinga,SP
db6a4d4b5f1f5f98820ce6ce2619e2de,2968,sao paulo,SP
1d1bbb8ac1581824986f582583fff01d,89082,indaial,SC
f90f77ef2799a27f80d90c425ca944f7,86020,londrina,PR
bbf4a892cac7b82422baa711dffb8997,82200,curitiba,PR
39f776d2974049026ff531fc42ef2a3e,74835,goiania,GO
c70c1b0d8ca86052f45a432a38b73958,13186,hortolandia,SP
9e6967d3cf386d284251784b18ccb485,9550,sao caetano do sul,SP
747e73c01a4593d4cf60dcf970fd2689,55602,vitoria de santo antao,PE
63704069d9bd3a75c1cf59babe56004a,13212,jundiai,SP
4e2627090e6e5b9fabba883a37897683,31565,belo horizonte,MG
61b18775be84fb700a6b2d0ba097bf66,14808,araraquara,SP
95cca791657aabeff15a07eb152d7841,85950,palotina,PR
dde698c6d0bd24834c586e5111c2bba7,25755,petropolis,RJ
e94b64dc6979b302a5a5be1662c83bb6,6852,itapecerica da serra,SP
15ead3a5037a918ddb520dfe39a3d2b9,36401,conselheiro lafaiete,MG
9d489893ff6af05029671b785f54b998,13613,leme,SP
725af026f869236a8dd0ceb98564d156,35530,claudio,MG
f00f5b35d0abcacbdd863672f4bb2c1a,1238,sao paulo,SP
7bac63f6603d382cc8d0832eb6c100a8,5713,sao paulo,SP
f1fdf2d13186575751aa25876536d85c,5314,sao paulo,SP
98dddbc4601dd4443ca174359b237166,87111,sarandi,PR
f8201cab383e484733266d1906e2fdfa,88137,palhoca,SC
74871d19219c7d518d0090283e03c137,4650,sao paulo,SP
e603cf3fec55f8697c9059638d6c8eb5,96080,pelotas,RS
9e25199f6ef7e7c347120ff175652c3b,12051,taubate,SP
